anaf,n,months,wage,rashut,ענף,ratio,w_nat
1,59,8.3,8188.8,ראש פינה,גידולים צמחיים,96.2,8514.2
47,82,9.4,7905.3,ראש פינה,"מכירה קמעונית, פרט לכלי רכב מנועיים ולאופנועים",103.3,7653.0
56,150,7.8,5243.3,ראש פינה,שירותי מזון ומשקאות,98.9,5301.7
83,98,8.6,9937.5,ראש פינה,מינהל מקומי,86.1,11536.4
84,55,11.5,32498.3,ראש פינה,מינהל ציבורי וביטחון; ביטוח לאומי חובה,166.8,19488.5
85,205,10.3,12884.4,ראש פינה,חינוך,115.4,11163.3
86,58,9.7,14720.1,ראש פינה,שירותי בריאות,91.4,16108.9
87+88,65,8.5,5571.6,ראש פינה,מגורים טיפוליים +,107.6,5177.2
94,80,9.5,7619.3,ראש פינה,פעילויות של ארגוני חברים,108.6,7018.5
1,64,9.2,10929.7,יסוד המעלה,גידולים צמחיים,128.4,8514.2
56,73,7.9,5262.6,יסוד המעלה,שירותי מזון ומשקאות,99.3,5301.7
85,91,10.2,12543.0,יסוד המעלה,חינוך,112.4,11163.3
1,55,8.6,7994.0,מטולה,גידולים צמחיים,93.9,8514.2
47,57,7.4,8541.3,מטולה,"מכירה קמעונית, פרט לכלי רכב מנועיים ולאופנועים",111.6,7653.0
56,92,7.0,4052.0,מטולה,שירותי מזון ומשקאות,76.4,5301.7
83,59,8.6,10272.9,מטולה,מינהל מקומי,89.0,11536.4
85,162,8.8,11084.0,מטולה,חינוך,99.3,11163.3
87+88,84,8.3,5740.9,מטולה,מגורים טיפוליים +,110.9,5177.2
94,57,9.0,7373.2,מטולה,פעילויות של ארגוני חברים,105.1,7018.5
1,83,9.7,9936.3,ג'ש (גוש חלב),גידולים צמחיים,116.7,8514.2
10,56,10.9,9948.5,ג'ש (גוש חלב),ייצור מוצרי מזון,93.8,10603.5
31+32+33+34,84,11.1,12255.4,ג'ש (גוש חלב),ייצור רהיטים +,85.9,14260.9
43,52,9.0,9134.6,ג'ש (גוש חלב),עבודות בנייה מיוחדות,85.9,10639.2
47,119,9.8,9036.2,ג'ש (גוש חלב),"מכירה קמעונית, פרט לכלי רכב מנועיים ולאופנועים",118.1,7653.0
56,70,9.0,5915.5,ג'ש (גוש חלב),שירותי מזון ומשקאות,111.6,5301.7
69,55,10.1,9195.7,ג'ש (גוש חלב),שירותים משפטיים ושירותי חשבונאות,68.4,13434.3
83,82,11.1,14787.6,ג'ש (גוש חלב),מינהל מקומי,128.2,11536.4
84,92,11.3,20123.2,ג'ש (גוש חלב),מינהל ציבורי וביטחון; ביטוח לאומי חובה,103.3,19488.5
85,123,10.6,15455.1,ג'ש (גוש חלב),חינוך,138.4,11163.3
86,89,11.1,17094.8,ג'ש (גוש חלב),שירותי בריאות,106.1,16108.9
87+88,101,9.4,4916.5,ג'ש (גוש חלב),מגורים טיפוליים +,95.0,5177.2
1,252,9.8,8461.9,טובא-זנגרייה,גידולים צמחיים,99.4,8514.2
10,177,8.6,8775.6,טובא-זנגרייה,ייצור מוצרי מזון,82.8,10603.5
22,92,10.4,12726.8,טובא-זנגרייה,ייצור מוצרי גומי ופלסטיק,89.1,14290.8
23+24+25,81,10.2,10289.3,טובא-זנגרייה,ייצור מוצרים אחרים על בסיס מינרלים אל-מתכתיים +,67.0,15346.6
35+36+37+38+39,73,9.0,9338.8,טובא-זנגרייה,"אספקת חשמל, גז, קיטור ומיזוג אוויר (קירור) +",40.3,23164.3
43,67,8.9,8522.4,טובא-זנגרייה,עבודות בנייה מיוחדות,80.1,10639.2
46,79,9.9,8171.8,טובא-זנגרייה,"מסחר סיטוני, פרט לכלי רכב מנועיים ולאופנועים",55.8,14657.0
47,349,9.4,6705.8,טובא-זנגרייה,"מכירה קמעונית, פרט לכלי רכב מנועיים ולאופנועים",87.6,7653.0
49,370,10.0,11160.9,טובא-זנגרייה,הובלה יבשתית והובלה באמצעות קווי צינורות,95.2,11726.1
55,201,9.1,6855.8,טובא-זנגרייה,שירותי אירוח,69.7,9830.5
56,198,9.0,6002.1,טובא-זנגרייה,שירותי מזון ומשקאות,113.2,5301.7
78,113,6.9,5017.6,טובא-זנגרייה,שירותי תעסוקה,82.3,6099.3
80,54,8.6,7452.5,טובא-זנגרייה,"שירותי שמירה, אבטחה וחקירה",82.1,9072.4
81,157,8.5,5453.3,טובא-זנגרייה,שירותי תחזוקה לבניינים ועבודות גינון,74.5,7323.5
83,168,11.0,12141.4,טובא-זנגרייה,מינהל מקומי,105.2,11536.4
84,64,11.0,15295.6,טובא-זנגרייה,מינהל ציבורי וביטחון; ביטוח לאומי חובה,78.5,19488.5
85,130,10.8,13724.2,טובא-זנגרייה,חינוך,122.9,11163.3
86,65,10.3,11781.1,טובא-זנגרייה,שירותי בריאות,73.1,16108.9
87+88,193,10.1,4508.8,טובא-זנגרייה,מגורים טיפוליים +,87.1,5177.2
1,74,10.3,8203.1,חצור הגלילית,גידולים צמחיים,96.3,8514.2
10,147,9.1,9108.7,חצור הגלילית,ייצור מוצרי מזון,85.9,10603.5
22,56,10.6,12271.2,חצור הגלילית,ייצור מוצרי גומי ופלסטיק,85.9,14290.8
23+24+25,85,11.4,14290.2,חצור הגלילית,ייצור מוצרים אחרים על בסיס מינרלים אל-מתכתיים +,93.1,15346.6
26,57,11.1,14031.3,חצור הגלילית,"ייצור מחשבים, מכשור אלקטרוני ואופטי",54.0,25982.4
27+28,74,11.0,12024.7,חצור הגלילית,ייצור ציוד חשמלי +,60.7,19812.5
31+32+33+34,55,10.1,11832.5,חצור הגלילית,ייצור רהיטים +,83.0,14260.9
35+36+37+38+39,74,10.0,17314.8,חצור הגלילית,"אספקת חשמל, גז, קיטור ומיזוג אוויר (קירור) +",74.7,23164.3
43,89,9.7,11163.4,חצור הגלילית,עבודות בנייה מיוחדות,104.9,10639.2
45,52,10.6,10309.4,חצור הגלילית,מסחר סיטוני וקמעוני בכלי רכב מנועיים ובאופנועים ותיקונם,81.8,12610.3
46,134,9.3,10023.0,חצור הגלילית,"מסחר סיטוני, פרט לכלי רכב מנועיים ולאופנועים",68.4,14657.0
47,494,8.9,7001.8,חצור הגלילית,"מכירה קמעונית, פרט לכלי רכב מנועיים ולאופנועים",91.5,7653.0
49,96,10.6,10213.4,חצור הגלילית,הובלה יבשתית והובלה באמצעות קווי צינורות,87.1,11726.1
55,62,8.6,9468.6,חצור הגלילית,שירותי אירוח,96.3,9830.5
56,287,7.8,4880.2,חצור הגלילית,שירותי מזון ומשקאות,92.1,5301.7
62+63,63,10.8,21158.4,חצור הגלילית,"תכנות מחשבים, ייעוץ בתחום המחשבים ושירותים נלווים אחרים +",66.1,31994.1
64+65+66,67,10.6,16326.9,חצור הגלילית,"שירותים פיננסיים, פרט לביטוח ולקרנות פנסיה +",74.6,21885.1
69,54,10.3,8633.8,חצור הגלילית,שירותים משפטיים ושירותי חשבונאות,64.3,13434.3
81,69,10.3,6183.6,חצור הגלילית,שירותי תחזוקה לבניינים ועבודות גינון,84.4,7323.5
82,123,10.1,7320.0,חצור הגלילית,שירותי ניהול ותמיכה למשרדים ולעסקים,90.7,8069.6
83,279,10.4,10176.2,חצור הגלילית,מינהל מקומי,88.2,11536.4
84,126,11.3,17907.2,חצור הגלילית,מינהל ציבורי וביטחון; ביטוח לאומי חובה,91.9,19488.5
85,653,10.1,10492.3,חצור הגלילית,חינוך,94.0,11163.3
86,94,11.1,13101.9,חצור הגלילית,שירותי בריאות,81.3,16108.9
87+88,388,9.3,4671.3,חצור הגלילית,מגורים טיפוליים +,90.2,5177.2
93,53,7.3,7180.0,חצור הגלילית,"פעילויות ספורט, בילוי ופנאי",116.5,6163.2
94,162,9.9,6506.5,חצור הגלילית,פעילויות של ארגוני חברים,92.7,7018.5
1,184,8.1,7072.6,קריית שמונה,גידולים צמחיים,83.1,8514.2
10,293,9.6,11182.2,קריית שמונה,ייצור מוצרי מזון,105.5,10603.5
11+12,88,10.8,13284.0,קריית שמונה,ייצור משקאות +,90.6,14655.8
13+14+15,143,10.1,12487.8,קריית שמונה,ייצור טקסטיל +,113.3,11017.6
16+17+18,69,11.2,15138.4,קריית שמונה,"ייצור מוצרי עץ ומוצרי עץ ושעם, פרט לרהיטים; ייצור מוצרי קש ומוצרים מחומרי קליעה +",117.2,12918.7
19+20,154,10.5,15588.4,קריית שמונה,ייצור מוצרי נפט מזוקק +,77.2,20195.7
22,231,10.8,13670.2,קריית שמונה,ייצור מוצרי גומי ופלסטיק,95.7,14290.8
23+24+25,193,10.2,14532.6,קריית שמונה,ייצור מוצרים אחרים על בסיס מינרלים אל-מתכתיים +,94.7,15346.6
26,282,11.2,16325.4,קריית שמונה,"ייצור מחשבים, מכשור אלקטרוני ואופטי",62.8,25982.4
27+28,160,10.4,11349.6,קריית שמונה,ייצור ציוד חשמלי +,57.3,19812.5
31+32+33+34,183,10.8,12957.1,קריית שמונה,ייצור רהיטים +,90.9,14260.9
35+36+37+38+39,58,10.8,16587.6,קריית שמונה,"אספקת חשמל, גז, קיטור ומיזוג אוויר (קירור) +",71.6,23164.3
41,111,9.3,12395.4,קריית שמונה,בניית מבנים ובניינים,96.8,12807.7
43,116,9.4,9947.6,קריית שמונה,עבודות בנייה מיוחדות,93.5,10639.2
45,138,9.7,12356.2,קריית שמונה,מסחר סיטוני וקמעוני בכלי רכב מנועיים ובאופנועים ותיקונם,98.0,12610.3
46,264,9.4,11610.5,קריית שמונה,"מסחר סיטוני, פרט לכלי רכב מנועיים ולאופנועים",79.2,14657.0
47,1012,7.9,6844.1,קריית שמונה,"מכירה קמעונית, פרט לכלי רכב מנועיים ולאופנועים",89.4,7653.0
49,274,10.7,12459.6,קריית שמונה,הובלה יבשתית והובלה באמצעות קווי צינורות,106.3,11726.1
50+51+52+53,72,9.8,11899.5,קריית שמונה,הובלה ימית +,66.5,17890.8
55,184,7.1,8000.8,קריית שמונה,שירותי אירוח,81.4,9830.5
56,848,7.2,4984.3,קריית שמונה,שירותי מזון ומשקאות,94.0,5301.7
61,86,10.5,10192.2,קריית שמונה,שירותי תקשורת,54.6,18672.4
62+63,250,10.5,20543.8,קריית שמונה,"תכנות מחשבים, ייעוץ בתחום המחשבים ושירותים נלווים אחרים +",64.2,31994.1
64+65+66,191,10.4,14315.3,קריית שמונה,"שירותים פיננסיים, פרט לביטוח ולקרנות פנסיה +",65.4,21885.1
68,64,10.3,13978.0,קריית שמונה,"פעילויות בנדל""ן",90.8,15393.5
69,91,10.0,10641.8,קריית שמונה,שירותים משפטיים ושירותי חשבונאות,79.2,13434.3
70,100,8.8,9126.4,קריית שמונה,שירותי משרדים ראשיים; שירותי ייעוץ ניהולי,54.3,16796.8
71,76,10.1,13571.6,קריית שמונה,שירותי אדריכלות והנדסה; בדיקות טכניות וניתוח נתונים טכניים,87.3,15541.5
72,121,10.1,18455.4,קריית שמונה,מחקר מדעי ופיתוח,54.3,34019.0
73+74+75,118,8.1,9003.4,קריית שמונה,פרסום וחקר שווקים +,70.5,12762.2
77+79,57,8.1,8250.7,קריית שמונה,שירותי השכרה והחכרה +,65.8,12539.6
78,142,6.7,5844.7,קריית שמונה,שירותי תעסוקה,95.8,6099.3
80,179,8.7,8457.6,קריית שמונה,"שירותי שמירה, אבטחה וחקירה",93.2,9072.4
81,150,7.4,6839.0,קריית שמונה,שירותי תחזוקה לבניינים ועבודות גינון,93.4,7323.5
82,132,8.1,6726.9,קריית שמונה,שירותי ניהול ותמיכה למשרדים ולעסקים,83.4,8069.6
83,620,10.1,10178.8,קריית שמונה,מינהל מקומי,88.2,11536.4
84,134,10.6,16689.2,קריית שמונה,מינהל ציבורי וביטחון; ביטוח לאומי חובה,85.6,19488.5
85,1180,9.8,10978.6,קריית שמונה,חינוך,98.3,11163.3
86,235,10.0,10824.3,קריית שמונה,שירותי בריאות,67.2,16108.9
87+88,787,8.7,4526.4,קריית שמונה,מגורים טיפוליים +,87.4,5177.2
93,147,7.1,9624.4,קריית שמונה,"פעילויות ספורט, בילוי ופנאי",156.2,6163.2
94,265,7.4,5793.9,קריית שמונה,פעילויות של ארגוני חברים,82.6,7018.5
1,298,8.8,5731.4,בוקעאתא,גידולים צמחיים,67.3,8514.2
41,304,8.4,7382.4,בוקעאתא,בניית מבנים ובניינים,57.6,12807.7
42,233,9.9,9052.2,בוקעאתא,עבודות הנדסה אזרחית,66.2,13679.8
43,153,9.0,6812.8,בוקעאתא,עבודות בנייה מיוחדות,64.0,10639.2
46,63,9.6,7786.0,בוקעאתא,"מסחר סיטוני, פרט לכלי רכב מנועיים ולאופנועים",53.1,14657.0
47,200,9.7,5444.9,בוקעאתא,"מכירה קמעונית, פרט לכלי רכב מנועיים ולאופנועים",71.1,7653.0
49,59,9.8,7707.8,בוקעאתא,הובלה יבשתית והובלה באמצעות קווי צינורות,65.7,11726.1
55,96,7.2,6351.0,בוקעאתא,שירותי אירוח,64.6,9830.5
71,79,10.2,7788.2,בוקעאתא,שירותי אדריכלות והנדסה; בדיקות טכניות וניתוח נתונים טכניים,50.1,15541.5
78,70,8.2,4219.2,בוקעאתא,שירותי תעסוקה,69.2,6099.3
83,148,10.5,10783.9,בוקעאתא,מינהל מקומי,93.5,11536.4
85,247,10.7,14444.6,בוקעאתא,חינוך,129.4,11163.3
86,157,10.3,14319.0,בוקעאתא,שירותי בריאות,88.9,16108.9
87+88,257,9.7,3334.2,בוקעאתא,מגורים טיפוליים +,64.4,5177.2
1,125,8.2,8632.0,קצרין,גידולים צמחיים,101.4,8514.2
10,83,9.8,9236.5,קצרין,ייצור מוצרי מזון,87.1,10603.5
11+12,99,10.0,11289.3,קצרין,ייצור משקאות +,77.0,14655.8
22,65,11.0,11855.4,קצרין,ייצור מוצרי גומי ופלסטיק,83.0,14290.8
26,112,10.6,10549.5,קצרין,"ייצור מחשבים, מכשור אלקטרוני ואופטי",40.6,25982.4
27+28,103,10.6,10921.9,קצרין,ייצור ציוד חשמלי +,55.1,19812.5
31+32+33+34,100,10.4,11716.0,קצרין,ייצור רהיטים +,82.2,14260.9
43,61,9.2,11110.3,קצרין,עבודות בנייה מיוחדות,104.4,10639.2
46,88,8.8,9232.9,קצרין,"מסחר סיטוני, פרט לכלי רכב מנועיים ולאופנועים",63.0,14657.0
47,235,8.8,6495.9,קצרין,"מכירה קמעונית, פרט לכלי רכב מנועיים ולאופנועים",84.9,7653.0
49,72,10.3,10187.2,קצרין,הובלה יבשתית והובלה באמצעות קווי צינורות,86.9,11726.1
55,75,8.5,9793.2,קצרין,שירותי אירוח,99.6,9830.5
56,241,7.7,5111.3,קצרין,שירותי מזון ומשקאות,96.4,5301.7
62+63,84,10.7,22121.6,קצרין,"תכנות מחשבים, ייעוץ בתחום המחשבים ושירותים נלווים אחרים +",69.1,31994.1
64+65+66,58,9.6,11696.8,קצרין,"שירותים פיננסיים, פרט לביטוח ולקרנות פנסיה +",53.4,21885.1
70,59,9.4,10567.5,קצרין,שירותי משרדים ראשיים; שירותי ייעוץ ניהולי,62.9,16796.8
72,65,11.2,17553.0,קצרין,מחקר מדעי ופיתוח,51.6,34019.0
73+74+75,54,9.1,9315.1,קצרין,פרסום וחקר שווקים +,73.0,12762.2
78,96,7.1,5731.9,קצרין,שירותי תעסוקה,94.0,6099.3
80,60,10.4,7984.3,קצרין,"שירותי שמירה, אבטחה וחקירה",88.0,9072.4
81,103,9.8,7835.6,קצרין,שירותי תחזוקה לבניינים ועבודות גינון,107.0,7323.5
83,310,10.6,9268.8,קצרין,מינהל מקומי,80.3,11536.4
85,544,10.4,12029.0,קצרין,חינוך,107.8,11163.3
86,74,10.9,11758.8,קצרין,שירותי בריאות,73.0,16108.9
87+88,261,9.6,4613.4,קצרין,מגורים טיפוליים +,89.1,5177.2
93,61,6.8,6935.1,קצרין,"פעילויות ספורט, בילוי ופנאי",112.5,6163.2
94,236,6.5,5207.9,קצרין,פעילויות של ארגוני חברים,74.2,7018.5
1,162,8.7,6536.7,מג'דל שמס,גידולים צמחיים,76.8,8514.2
31+32+33+34,51,9.0,6828.1,מג'דל שמס,ייצור רהיטים +,47.9,14260.9
41,584,8.7,7121.0,מג'דל שמס,בניית מבנים ובניינים,55.6,12807.7
42,184,8.9,8809.5,מג'דל שמס,עבודות הנדסה אזרחית,64.4,13679.8
43,432,8.7,6175.9,מג'דל שמס,עבודות בנייה מיוחדות,58.0,10639.2
46,110,9.1,7621.6,מג'דל שמס,"מסחר סיטוני, פרט לכלי רכב מנועיים ולאופנועים",52.0,14657.0
47,451,9.1,4745.0,מג'דל שמס,"מכירה קמעונית, פרט לכלי רכב מנועיים ולאופנועים",62.0,7653.0
49,87,9.1,8067.4,מג'דל שמס,הובלה יבשתית והובלה באמצעות קווי צינורות,68.8,11726.1
50+51+52+53,96,8.8,5989.3,מג'דל שמס,הובלה ימית +,33.5,17890.8
56,168,8.1,4355.6,מג'דל שמס,שירותי מזון ומשקאות,82.2,5301.7
62+63,76,10.5,20667.4,מג'דל שמס,"תכנות מחשבים, ייעוץ בתחום המחשבים ושירותים נלווים אחרים +",64.6,31994.1
64+65+66,66,9.6,7614.9,מג'דל שמס,"שירותים פיננסיים, פרט לביטוח ולקרנות פנסיה +",34.8,21885.1
71,184,9.7,9858.9,מג'דל שמס,שירותי אדריכלות והנדסה; בדיקות טכניות וניתוח נתונים טכניים,63.4,15541.5
78,200,7.8,4272.2,מג'דל שמס,שירותי תעסוקה,70.0,6099.3
83,184,11.0,11199.5,מג'דל שמס,מינהל מקומי,97.1,11536.4
84,60,11.5,26018.1,מג'דל שמס,מינהל ציבורי וביטחון; ביטוח לאומי חובה,133.5,19488.5
85,450,10.7,13074.7,מג'דל שמס,חינוך,117.1,11163.3
86,205,10.6,15532.2,מג'דל שמס,שירותי בריאות,96.4,16108.9
87+88,442,9.6,3547.3,מג'דל שמס,מגורים טיפוליים +,68.5,5177.2
93,59,6.6,5964.9,מג'דל שמס,"פעילויות ספורט, בילוי ופנאי",96.8,6163.2
1,105,9.5,6875.8,מסעדה,גידולים צמחיים,80.8,8514.2
41,155,9.2,7040.5,מסעדה,בניית מבנים ובניינים,55.0,12807.7
42,105,9.6,6454.2,מסעדה,עבודות הנדסה אזרחית,47.2,13679.8
43,141,8.0,5133.4,מסעדה,עבודות בנייה מיוחדות,48.2,10639.2
46,56,9.4,7381.0,מסעדה,"מסחר סיטוני, פרט לכלי רכב מנועיים ולאופנועים",50.4,14657.0
47,160,9.4,5237.9,מסעדה,"מכירה קמעונית, פרט לכלי רכב מנועיים ולאופנועים",68.4,7653.0
56,59,7.9,3624.2,מסעדה,שירותי מזון ומשקאות,68.4,5301.7
83,97,10.8,10175.2,מסעדה,מינהל מקומי,88.2,11536.4
85,143,10.4,11902.8,מסעדה,חינוך,106.6,11163.3
86,86,10.4,15453.9,מסעדה,שירותי בריאות,95.9,16108.9
87+88,170,9.4,3358.0,מסעדה,מגורים טיפוליים +,64.9,5177.2
22,104,10.0,11126.7,ע'ג'ר,ייצור מוצרי גומי ופלסטיק,77.9,14290.8
47,55,7.5,6134.8,ע'ג'ר,"מכירה קמעונית, פרט לכלי רכב מנועיים ולאופנועים",80.2,7653.0
78,61,8.2,5779.4,ע'ג'ר,שירותי תעסוקה,94.8,6099.3
83,57,11.1,13304.2,ע'ג'ר,מינהל מקומי,115.3,11536.4
85,122,9.9,14442.9,ע'ג'ר,חינוך,129.4,11163.3
87+88,59,9.3,3464.5,ע'ג'ר,מגורים טיפוליים +,66.9,5177.2
1,133,8.4,6456.0,עין קנייא,גידולים צמחיים,75.8,8514.2
47,60,7.5,6293.4,עין קנייא,"מכירה קמעונית, פרט לכלי רכב מנועיים ולאופנועים",82.2,7653.0
85,85,10.5,13018.1,עין קנייא,חינוך,116.6,11163.3
86,53,10.4,13785.7,עין קנייא,שירותי בריאות,85.6,16108.9
87+88,102,9.4,3253.4,עין קנייא,מגורים טיפוליים +,62.8,5177.2
1,1042,8.7,8404.3,הגליל העליון,גידולים צמחיים,98.7,8514.2
10,138,8.8,12474.1,הגליל העליון,ייצור מוצרי מזון,117.6,10603.5
11+12,75,9.6,15644.3,הגליל העליון,ייצור משקאות +,106.7,14655.8
13+14+15,80,10.8,17898.6,הגליל העליון,ייצור טקסטיל +,162.5,11017.6
19+20,53,10.6,21759.2,הגליל העליון,ייצור מוצרי נפט מזוקק +,107.7,20195.7
2+3+4,74,10.0,13668.6,הגליל העליון,ייעור וכריתת עצים +,101.3,13491.9
22,133,10.7,20734.5,הגליל העליון,ייצור מוצרי גומי ופלסטיק,145.1,14290.8
23+24+25,59,10.6,17585.3,הגליל העליון,ייצור מוצרים אחרים על בסיס מינרלים אל-מתכתיים +,114.6,15346.6
26,114,11.1,30198.0,הגליל העליון,"ייצור מחשבים, מכשור אלקטרוני ואופטי",116.2,25982.4
27+28,176,10.6,17636.8,הגליל העליון,ייצור ציוד חשמלי +,89.0,19812.5
29+30,65,11.1,24294.5,הגליל העליון,ייצור כלי רכב מנועיים ונגררים +,97.7,24878.6
31+32+33+34,231,10.5,19501.4,הגליל העליון,ייצור רהיטים +,136.7,14260.9
35+36+37+38+39,55,11.5,26240.3,הגליל העליון,"אספקת חשמל, גז, קיטור ומיזוג אוויר (קירור) +",113.3,23164.3
43,92,9.5,13770.2,הגליל העליון,עבודות בנייה מיוחדות,129.4,10639.2
46,188,9.8,17893.2,הגליל העליון,"מסחר סיטוני, פרט לכלי רכב מנועיים ולאופנועים",122.1,14657.0
47,257,8.5,8791.3,הגליל העליון,"מכירה קמעונית, פרט לכלי רכב מנועיים ולאופנועים",114.9,7653.0
49,69,10.7,12004.9,הגליל העליון,הובלה יבשתית והובלה באמצעות קווי צינורות,102.4,11726.1
55,108,8.4,11392.2,הגליל העליון,שירותי אירוח,115.9,9830.5
56,482,7.8,5870.1,הגליל העליון,שירותי מזון ומשקאות,110.7,5301.7
62+63,348,10.6,28539.6,הגליל העליון,"תכנות מחשבים, ייעוץ בתחום המחשבים ושירותים נלווים אחרים +",89.2,31994.1
64+65+66,131,10.8,21023.5,הגליל העליון,"שירותים פיננסיים, פרט לביטוח ולקרנות פנסיה +",96.1,21885.1
69,73,10.4,15327.3,הגליל העליון,שירותים משפטיים ושירותי חשבונאות,114.1,13434.3
70,384,9.1,10232.1,הגליל העליון,שירותי משרדים ראשיים; שירותי ייעוץ ניהולי,60.9,16796.8
71,131,10.4,15398.8,הגליל העליון,שירותי אדריכלות והנדסה; בדיקות טכניות וניתוח נתונים טכניים,99.1,15541.5
72,194,10.4,21323.4,הגליל העליון,מחקר מדעי ופיתוח,62.7,34019.0
73+74+75,123,9.1,12793.9,הגליל העליון,פרסום וחקר שווקים +,100.2,12762.2
77+79,71,8.5,9490.8,הגליל העליון,שירותי השכרה והחכרה +,75.7,12539.6
81,53,8.5,9229.9,הגליל העליון,שירותי תחזוקה לבניינים ועבודות גינון,126.0,7323.5
83,348,10.1,12803.4,הגליל העליון,מינהל מקומי,111.0,11536.4
84,150,11.0,19472.4,הגליל העליון,מינהל ציבורי וביטחון; ביטוח לאומי חובה,99.9,19488.5
85,1208,10.0,12883.1,הגליל העליון,חינוך,115.4,11163.3
86,245,10.1,12606.8,הגליל העליון,שירותי בריאות,78.3,16108.9
87+88,347,8.9,6017.1,הגליל העליון,מגורים טיפוליים +,116.2,5177.2
90+91+92,74,9.5,12112.0,הגליל העליון,"יצירה, אמנות ובידור +",119.0,10179.7
93,152,7.9,9221.5,הגליל העליון,"פעילויות ספורט, בילוי ופנאי",149.6,6163.2
94,274,8.9,8349.2,הגליל העליון,פעילויות של ארגוני חברים,119.0,7018.5
1,332,9.3,8902.7,מרום הגליל,גידולים צמחיים,104.6,8514.2
10,170,9.3,10033.8,מרום הגליל,ייצור מוצרי מזון,94.6,10603.5
11+12,79,9.2,13525.8,מרום הגליל,ייצור משקאות +,92.3,14655.8
2+3+4,154,9.5,10788.2,מרום הגליל,ייעור וכריתת עצים +,80.0,13491.9
23+24+25,98,10.9,15870.7,מרום הגליל,ייצור מוצרים אחרים על בסיס מינרלים אל-מתכתיים +,103.4,15346.6
26,61,11.1,26930.1,מרום הגליל,"ייצור מחשבים, מכשור אלקטרוני ואופטי",103.6,25982.4
27+28,52,10.8,15606.5,מרום הגליל,ייצור ציוד חשמלי +,78.8,19812.5
29+30,65,10.6,16908.6,מרום הגליל,ייצור כלי רכב מנועיים ונגררים +,68.0,24878.6
31+32+33+34,119,10.4,13451.2,מרום הגליל,ייצור רהיטים +,94.3,14260.9
35+36+37+38+39,63,11.0,22009.7,מרום הגליל,"אספקת חשמל, גז, קיטור ומיזוג אוויר (קירור) +",95.0,23164.3
41,95,9.3,13727.8,מרום הגליל,בניית מבנים ובניינים,107.2,12807.7
43,131,8.7,10610.4,מרום הגליל,עבודות בנייה מיוחדות,99.7,10639.2
46,192,9.6,12390.3,מרום הגליל,"מסחר סיטוני, פרט לכלי רכב מנועיים ולאופנועים",84.5,14657.0
47,449,8.5,6467.6,מרום הגליל,"מכירה קמעונית, פרט לכלי רכב מנועיים ולאופנועים",84.5,7653.0
49,188,10.5,11429.8,מרום הגליל,הובלה יבשתית והובלה באמצעות קווי צינורות,97.5,11726.1
55,133,8.2,7112.0,מרום הגליל,שירותי אירוח,72.3,9830.5
56,306,6.9,4344.3,מרום הגליל,שירותי מזון ומשקאות,81.9,5301.7
62+63,124,10.6,25543.4,מרום הגליל,"תכנות מחשבים, ייעוץ בתחום המחשבים ושירותים נלווים אחרים +",79.8,31994.1
64+65+66,88,10.6,18430.6,מרום הגליל,"שירותים פיננסיים, פרט לביטוח ולקרנות פנסיה +",84.2,21885.1
69,71,10.3,10670.4,מרום הגליל,שירותים משפטיים ושירותי חשבונאות,79.4,13434.3
71,64,9.4,15051.0,מרום הגליל,שירותי אדריכלות והנדסה; בדיקות טכניות וניתוח נתונים טכניים,96.8,15541.5
78,60,6.1,5219.4,מרום הגליל,שירותי תעסוקה,85.6,6099.3
80,78,8.9,7863.0,מרום הגליל,"שירותי שמירה, אבטחה וחקירה",86.7,9072.4
81,108,9.3,8550.7,מרום הגליל,שירותי תחזוקה לבניינים ועבודות גינון,116.8,7323.5
82,129,9.6,5890.8,מרום הגליל,שירותי ניהול ותמיכה למשרדים ולעסקים,73.0,8069.6
83,441,10.8,10542.3,מרום הגליל,מינהל מקומי,91.4,11536.4
84,242,11.0,18303.0,מרום הגליל,מינהל ציבורי וביטחון; ביטוח לאומי חובה,93.9,19488.5
85,971,9.7,10774.2,מרום הגליל,חינוך,96.5,11163.3
86,220,10.4,13056.7,מרום הגליל,שירותי בריאות,81.1,16108.9
87+88,370,8.8,4586.0,מרום הגליל,מגורים טיפוליים +,88.6,5177.2
93,67,5.8,4924.7,מרום הגליל,"פעילויות ספורט, בילוי ופנאי",79.9,6163.2
94,173,9.1,7981.1,מרום הגליל,פעילויות של ארגוני חברים,113.7,7018.5
1,231,8.9,8590.4,מבואות החרמון,גידולים צמחיים,100.9,8514.2
10,67,9.6,15383.7,מבואות החרמון,ייצור מוצרי מזון,145.1,10603.5
2+3+4,68,10.2,14273.1,מבואות החרמון,ייעור וכריתת עצים +,105.8,13491.9
26,54,10.7,28848.9,מבואות החרמון,"ייצור מחשבים, מכשור אלקטרוני ואופטי",111.0,25982.4
31+32+33+34,59,10.4,17679.7,מבואות החרמון,ייצור רהיטים +,124.0,14260.9
43,67,9.5,11990.4,מבואות החרמון,עבודות בנייה מיוחדות,112.7,10639.2
46,119,9.4,16125.2,מבואות החרמון,"מסחר סיטוני, פרט לכלי רכב מנועיים ולאופנועים",110.0,14657.0
47,213,8.9,8199.0,מבואות החרמון,"מכירה קמעונית, פרט לכלי רכב מנועיים ולאופנועים",107.1,7653.0
49,74,10.3,11568.5,מבואות החרמון,הובלה יבשתית והובלה באמצעות קווי צינורות,98.7,11726.1
55,73,8.4,10499.6,מבואות החרמון,שירותי אירוח,106.8,9830.5
56,328,7.5,5203.6,מבואות החרמון,שירותי מזון ומשקאות,98.2,5301.7
62+63,127,10.2,23032.4,מבואות החרמון,"תכנות מחשבים, ייעוץ בתחום המחשבים ושירותים נלווים אחרים +",72.0,31994.1
64+65+66,79,10.6,19490.1,מבואות החרמון,"שירותים פיננסיים, פרט לביטוח ולקרנות פנסיה +",89.1,21885.1
69,57,10.5,12292.7,מבואות החרמון,שירותים משפטיים ושירותי חשבונאות,91.5,13434.3
70,63,9.8,10958.6,מבואות החרמון,שירותי משרדים ראשיים; שירותי ייעוץ ניהולי,65.2,16796.8
71,77,10.5,15310.5,מבואות החרמון,שירותי אדריכלות והנדסה; בדיקות טכניות וניתוח נתונים טכניים,98.5,15541.5
72,87,10.4,22580.1,מבואות החרמון,מחקר מדעי ופיתוח,66.4,34019.0
83,256,9.9,10608.4,מבואות החרמון,מינהל מקומי,92.0,11536.4
84,104,10.8,19464.6,מבואות החרמון,מינהל ציבורי וביטחון; ביטוח לאומי חובה,99.9,19488.5
85,514,9.9,12312.9,מבואות החרמון,חינוך,110.3,11163.3
86,117,10.4,14939.0,מבואות החרמון,שירותי בריאות,92.7,16108.9
87+88,221,8.6,6306.3,מבואות החרמון,מגורים טיפוליים +,121.8,5177.2
93,81,7.1,6798.5,מבואות החרמון,"פעילויות ספורט, בילוי ופנאי",110.3,6163.2
94,118,8.7,7748.8,מבואות החרמון,פעילויות של ארגוני חברים,110.4,7018.5
1,1281,8.0,8990.4,גולן,גידולים צמחיים,105.6,8514.2
10,144,9.4,14186.1,גולן,ייצור מוצרי מזון,133.8,10603.5
11+12,151,9.3,10937.9,גולן,ייצור משקאות +,74.6,14655.8
2+3+4,206,9.4,10307.6,גולן,ייעור וכריתת עצים +,76.4,13491.9
22,54,11.1,24221.7,גולן,ייצור מוצרי גומי ופלסטיק,169.5,14290.8
26,68,11.4,30080.9,גולן,"ייצור מחשבים, מכשור אלקטרוני ואופטי",115.8,25982.4
27+28,169,10.7,17134.5,גולן,ייצור ציוד חשמלי +,86.5,19812.5
31+32+33+34,70,10.6,18240.0,גולן,ייצור רהיטים +,127.9,14260.9
35+36+37+38+39,77,11.2,22772.0,גולן,"אספקת חשמל, גז, קיטור ומיזוג אוויר (קירור) +",98.3,23164.3
41,94,8.6,12795.0,גולן,בניית מבנים ובניינים,99.9,12807.7
43,138,8.7,13262.8,גולן,עבודות בנייה מיוחדות,124.7,10639.2
45,52,11.2,16572.8,גולן,מסחר סיטוני וקמעוני בכלי רכב מנועיים ובאופנועים ותיקונם,131.4,12610.3
46,201,10.0,17220.3,גולן,"מסחר סיטוני, פרט לכלי רכב מנועיים ולאופנועים",117.5,14657.0
47,313,8.5,7632.1,גולן,"מכירה קמעונית, פרט לכלי רכב מנועיים ולאופנועים",99.7,7653.0
49,52,10.0,13460.3,גולן,הובלה יבשתית והובלה באמצעות קווי צינורות,114.8,11726.1
55,280,7.8,7895.0,גולן,שירותי אירוח,80.3,9830.5
56,404,7.7,5677.9,גולן,שירותי מזון ומשקאות,107.1,5301.7
62+63,288,10.5,27962.8,גולן,"תכנות מחשבים, ייעוץ בתחום המחשבים ושירותים נלווים אחרים +",87.4,31994.1
64+65+66,125,10.3,18162.3,גולן,"שירותים פיננסיים, פרט לביטוח ולקרנות פנסיה +",83.0,21885.1
69,76,10.1,12650.8,גולן,שירותים משפטיים ושירותי חשבונאות,94.2,13434.3
70,158,10.2,14042.3,גולן,שירותי משרדים ראשיים; שירותי ייעוץ ניהולי,83.6,16796.8
71,137,10.6,16166.0,גולן,שירותי אדריכלות והנדסה; בדיקות טכניות וניתוח נתונים טכניים,104.0,15541.5
72,150,10.5,22708.8,גולן,מחקר מדעי ופיתוח,66.8,34019.0
73+74+75,105,9.3,11890.9,גולן,פרסום וחקר שווקים +,93.2,12762.2
77+79,102,8.3,10827.2,גולן,שירותי השכרה והחכרה +,86.3,12539.6
78,56,6.4,7153.0,גולן,שירותי תעסוקה,117.3,6099.3
80,71,8.9,11958.4,גולן,"שירותי שמירה, אבטחה וחקירה",131.8,9072.4
81,97,8.9,8461.5,גולן,שירותי תחזוקה לבניינים ועבודות גינון,115.5,7323.5
82,58,7.5,8568.4,גולן,שירותי ניהול ותמיכה למשרדים ולעסקים,106.2,8069.6
83,787,9.2,8105.9,גולן,מינהל מקומי,70.3,11536.4
84,166,10.7,20053.2,גולן,מינהל ציבורי וביטחון; ביטוח לאומי חובה,102.9,19488.5
85,1732,10.5,14145.0,גולן,חינוך,126.7,11163.3
86,249,10.6,14132.4,גולן,שירותי בריאות,87.7,16108.9
87+88,326,8.7,5997.0,גולן,מגורים טיפוליים +,115.8,5177.2
90+91+92,86,9.8,12775.5,גולן,"יצירה, אמנות ובידור +",125.5,10179.7
93,178,6.9,5944.7,גולן,"פעילויות ספורט, בילוי ופנאי",96.5,6163.2
94,347,8.5,8147.0,גולן,פעילויות של ארגוני חברים,116.1,7018.5
95+96,53,8.7,5668.3,גולן,"תיקון של מחשבים, ציוד אישי וציוד לבית +",70.9,7996.8
1,75,8.4,7391.7,צפת,גידולים צמחיים,86.8,8514.2
10,453,9.7,10011.9,צפת,ייצור מוצרי מזון,94.4,10603.5
11+12,58,8.6,8523.0,צפת,ייצור משקאות +,58.2,14655.8
16+17+18,104,10.5,8913.3,צפת,"ייצור מוצרי עץ ומוצרי עץ ושעם, פרט לרהיטים; ייצור מוצרי קש ומוצרים מחומרי קליעה +",69.0,12918.7
19+20,95,10.0,8603.8,צפת,ייצור מוצרי נפט מזוקק +,42.6,20195.7
23+24+25,65,10.0,16114.0,צפת,ייצור מוצרים אחרים על בסיס מינרלים אל-מתכתיים +,105.0,15346.6
27+28,87,10.6,10609.9,צפת,ייצור ציוד חשמלי +,53.6,19812.5
35+36+37+38+39,80,10.0,22062.2,צפת,"אספקת חשמל, גז, קיטור ומיזוג אוויר (קירור) +",95.2,23164.3
41,174,8.6,9798.3,צפת,בניית מבנים ובניינים,76.5,12807.7
43,189,8.7,7681.8,צפת,עבודות בנייה מיוחדות,72.2,10639.2
45,63,10.8,12437.9,צפת,מסחר סיטוני וקמעוני בכלי רכב מנועיים ובאופנועים ותיקונם,98.6,12610.3
46,288,9.3,9341.6,צפת,"מסחר סיטוני, פרט לכלי רכב מנועיים ולאופנועים",63.7,14657.0
47,1219,8.7,5869.7,צפת,"מכירה קמעונית, פרט לכלי רכב מנועיים ולאופנועים",76.7,7653.0
49,276,10.5,8602.3,צפת,הובלה יבשתית והובלה באמצעות קווי צינורות,73.4,11726.1
50+51+52+53,51,10.0,12128.5,צפת,הובלה ימית +,67.8,17890.8
55,166,8.3,6984.1,צפת,שירותי אירוח,71.0,9830.5
56,773,7.4,4743.6,צפת,שירותי מזון ומשקאות,89.5,5301.7
62+63,147,10.3,17842.5,צפת,"תכנות מחשבים, ייעוץ בתחום המחשבים ושירותים נלווים אחרים +",55.8,31994.1
64+65+66,128,9.8,13137.8,צפת,"שירותים פיננסיים, פרט לביטוח ולקרנות פנסיה +",60.0,21885.1
68,74,9.7,10277.0,צפת,"פעילויות בנדל""ן",66.8,15393.5
69,174,10.1,8719.5,צפת,שירותים משפטיים ושירותי חשבונאות,64.9,13434.3
70,67,8.8,9169.2,צפת,שירותי משרדים ראשיים; שירותי ייעוץ ניהולי,54.6,16796.8
71,88,10.4,11642.6,צפת,שירותי אדריכלות והנדסה; בדיקות טכניות וניתוח נתונים טכניים,74.9,15541.5
73+74+75,84,8.9,7074.2,צפת,פרסום וחקר שווקים +,55.4,12762.2
78,134,6.1,4939.3,צפת,שירותי תעסוקה,81.0,6099.3
80,148,9.8,7454.9,צפת,"שירותי שמירה, אבטחה וחקירה",82.2,9072.4
81,224,8.5,5285.8,צפת,שירותי תחזוקה לבניינים ועבודות גינון,72.2,7323.5
82,367,9.4,6570.4,צפת,שירותי ניהול ותמיכה למשרדים ולעסקים,81.4,8069.6
83,589,10.7,9883.7,צפת,מינהל מקומי,85.7,11536.4
84,580,11.2,16929.5,צפת,מינהל ציבורי וביטחון; ביטוח לאומי חובה,86.9,19488.5
85,2974,9.9,8991.2,צפת,חינוך,80.5,11163.3
86,421,10.6,12564.6,צפת,שירותי בריאות,78.0,16108.9
87+88,1578,9.1,4453.7,צפת,מגורים טיפוליים +,86.0,5177.2
90+91+92,69,8.8,6050.4,צפת,"יצירה, אמנות ובידור +",59.4,10179.7
93,103,6.8,4308.4,צפת,"פעילויות ספורט, בילוי ופנאי",69.9,6163.2
94,784,8.4,4886.7,צפת,פעילויות של ארגוני חברים,69.6,7018.5
95+96,51,8.6,5918.3,צפת,"תיקון של מחשבים, ציוד אישי וציוד לבית +",74.0,7996.8
