year,ארצי,תל-אביב,המרכז,חיפה,הצפון,הדרום,ירושלים,נפת צפת,נפת גולן,אשכול
2016,10.33,10.56,10.47,10.38,10.16,10.16,10.13,10.23,10.13,10.2
2017,10.38,10.6,10.51,10.42,10.23,10.23,10.18,10.28,10.16,10.25
2018,10.41,10.62,10.53,10.45,10.27,10.26,10.19,10.31,10.16,10.27
2019,10.41,10.63,10.54,10.45,10.25,10.27,10.21,10.3,10.18,10.26
2020,9.75,9.91,9.91,9.85,9.57,9.66,9.43,9.72,9.51,9.66
2021,10.06,10.29,10.22,10.13,9.88,9.92,9.78,9.95,9.86,9.93
2022,10.44,10.69,10.58,10.48,10.31,10.28,10.18,10.34,10.3,10.33
2023,10.45,10.68,10.58,10.51,10.33,10.29,10.24,10.25,10.27,10.25
2024,10.45,10.68,10.59,10.5,10.3,10.28,10.22,10.13,10.18,10.15
