anaf,n_nat,mon_nat,w_nat,n_eg,mon_eg,w_eg,ענף,s_nat,s_eg,c_mix,c_pay,tot,w_ratio
1,48460,8.918303755674783,8514.212737125943,4603.0,8.640017379969585,8268.105842909696,גידולים צמחיים,0.011302613361993365,0.05718154488310269,384.9774224494478,-8.427211744357301,376.5502107050905,97.10945801080226
2+3+4,7794,9.834103156274058,13491.943552413466,727.0,9.724896836313617,11140.193227718335,ייעור וכריתת עצים +,0.001817840869652833,0.00903128028025541,88.84121310857799,-12.757212093476761,76.08400101510122,82.56922499298149
5+6+7+8,4601,8.613344925016301,28798.881250397888,136.0,11.455882352941176,20525.884894904928,כריית פחם ופחם חום +,0.00107311853236755,0.001689482968520957,15.201015836774111,-11.427496074265,3.773519762509112,71.27320230406986
10,70086,9.785092600519363,10603.501311563767,1887.0,9.483836777954425,10705.041865528627,ייצור מוצרי מזון,0.01634657367083506,0.02344157618822828,75.59208374172631,2.0200553889630792,77.61213913068939,100.95761344277973
11+12,8521,10.205727027344208,14655.830429036789,755.0,9.744370860927152,12676.586164148588,ייצור משקאות +,0.0019874033936761342,0.009379115009068548,101.01667060429637,-11.2485581801893,89.76811242410706,86.49517491027439
13+14+15,8207,10.337273059583282,11017.55644930395,410.0,10.163414634146342,12632.729492485843,ייצור טקסטיל +,0.0019141673103978446,0.005093294243335238,37.59363050460727,5.659131501361594,43.25276200596886,114.65999335346211
16+17+18,16647,10.620171802727219,12918.736385820577,378.0,10.515873015873016,12673.846958530885,"ייצור מוצרי עץ ומוצרי עץ ושעם, פרט לרהיטים; ייצור מוצרי קש ומוצרים מחומרי קליעה +",0.003882678593419388,0.004695768838977366,10.404539937960879,-1.0503855393771862,9.354154398583692,98.10438559951979
19+20,19777,10.986651160438894,20195.658655272488,616.0,10.605519480519481,13856.20701325641,ייצור מוצרי נפט מזוקק +,0.004612707066862212,0.007652364033889041,51.752995359802775,-38.87691256455074,12.876082795252032,68.60982971525401
21,10954,11.23379587365346,22802.56226143833,106.0,9.69811320754717,11124.765552764844,"ייצור תרופות, כולל תרופות הומאופתיות, לבני אדם ולשימוש וטרינרי",0.0025548664211158755,0.0013168029019354518,-21.002093435020125,-22.606283638900443,-43.608377073920565,48.787348655015236
22,21481,10.786229691355151,14290.782820260454,959.0,10.580813347236704,14274.151614386092,ייצור מוצרי גומי ופלסטיק,0.005010141098410637,0.011913339461849984,98.59470432050213,-0.14072894465423233,98.4539753758479,99.88362284919212
23+24+25,55016,10.73856696233823,15346.608122502454,825.0,10.454545454545455,14556.992826796091,ייצור מוצרים אחרים על בסיס מינרלים אל-מתכתיים +,0.01283170814534517,0.010248701831101393,-38.62059503533218,-9.112322374287965,-47.73291740962014,94.85478947919074
26,63736,11.192104932847998,25982.41956012466,875.0,10.992,20315.2048031746,"ייצור מחשבים, מכשור אלקטרוני ואופטי",0.014865525489888756,0.010869835275410569,-92.49548231101087,-72.92390815226895,-165.41939046327983,78.18827171258692
27+28,31149,11.071206138238788,19812.468090129056,1003.0,10.587238285144567,13946.680998526805,ייצור ציוד חשמלי +,0.007265066108393135,0.012459936892842059,87.6872086542569,-57.85133399323053,29.835874661026374,70.39345595451232
29+30,25330,11.243308330043426,24878.623172115156,310.0,10.783870967741935,18554.64382302286,ייצור כלי רכב מנועיים ונגררים +,0.0059078662084047035,0.0038510273547168873,-44.66761554909827,-30.85752068158534,-75.52513623068361,74.58066989743854
31+32+33+34,33825,10.46711012564671,14260.87515193954,1185.0,10.31223628691983,13969.45321509245,ייצור רהיטים +,0.007889205467796648,0.014720862630127457,96.42996249179234,-3.294534918670815,93.13542757312152,97.95649331655879
35+36+37+38+39,29904,10.894529159978598,23164.26117754931,622.0,10.543408360128618,18698.018989794586,"אספקת חשמל, גז, קיטור ומיזוג אוויר (קירור) +",0.0069746873705540564,0.007726900047206142,15.744668907718632,-32.83042497608231,-17.08575606836368,80.71925474539466
41,92998,9.496075184412568,12807.70428954927,1871.0,8.813468733297702,9026.743067423102,בניית מבנים ובניינים,0.02169047539081013,0.023242813486049344,16.947222210361677,-84.9455114129994,-67.99828920263772,70.47900906635292
42,38275,10.013690398432397,13679.769358332793,888.0,9.587837837837839,10499.975141862644,עבודות הנדסה אזרחית,0.008927105374129097,0.011031329970930955,25.439806560847842,-31.73185864000768,-6.292052079159838,76.7554983335064
43,120240,9.587125748502993,10639.244430475186,1853.0,8.91958985429034,8825.908899982007,עבודות בנייה מיוחדות,0.028044288705036776,0.02301920544609804,-48.907008066778,-46.297624127691705,-95.2046321944697,82.956162513768
45,59257,10.388038543969488,12610.26302142478,682.0,10.127565982404692,11508.309547506922,מסחר סיטוני וקמעוני בכלי רכב מנועיים ובאופנועים ותיקונם,0.013820861741470096,0.008472260180377153,-64.50031744676077,-12.282991573126965,-76.78330901988774,91.2614552761854
46,176955,10.36757932807776,14656.96128683559,1947.0,9.47919876733436,12135.579436506827,"מסחר סיטוני, פרט לכלי רכב מנועיים ולאופנועים",0.041272264702260336,0.02418693632139929,-228.8796782079488,-82.52382069903871,-311.4034989069875,82.79737661179888
47,354560,9.276195848375451,7652.971581250415,5760.0,8.668229166666666,6587.346506615038,"מכירה קמעונית, פרט לכלי רכב מנועיים ולאופנועים",0.08269613276162541,0.071554572784417,-79.32967903523934,-82.18670980503045,-161.51638884026977,86.07566925707486
49,105827,10.145123645194516,11726.054580316677,1826.0,10.241511500547645,10599.336500211797,הובלה יבשתית והובלה באמצעות קווי צינורות,0.02468265918818968,0.022683793386171085,-22.312730373779647,-26.6843192529813,-48.99704962676095,90.39132836720559
50+51+52+53,55035,10.523339692922686,17890.81444691166,516.0,9.753875968992247,14044.682055326242,הובלה ימית +,0.01283613962809131,0.00641009714527069,-102.60942861667505,-37.011787335075,-139.62121595175006,78.50219506217425
55,35888,9.316066651805617,9830.469235556446,1569.0,8.110898661567878,8110.0992787522055,שירותי אירוח,0.00837037119965369,0.019491167482421922,99.7567038223362,-23.966077049491044,75.79062677284516,82.49961506840665
56,257057,7.922950940841915,5301.655766087386,4569.0,7.5747428321295684,5066.09569840133,שירותי מזון ומשקאות,0.05995492948811243,0.056759174140972445,-16.566398590229113,-13.746591075392285,-30.312989665621398,95.55685849705971
58+59+60,17126,10.15310054887306,13482.881819068705,160.0,9.65,13263.559668335138,הוצאה לאור +,0.003994398605808881,0.001987627021789361,-26.836999375281405,-0.6559953631940827,-27.49299473847549,98.37332883520952
61,19419,10.878469540141099,18672.393292038545,291.0,10.536082474226804,13435.999365153753,שירותי תקשורת,0.004529208602487601,0.003614996645879401,-14.676938237338074,-21.323133450926107,-36.000071688264185,71.95649296270199
62+63,232351,10.782079698387353,31994.059197040733,1713.0,10.555166374781086,24194.150245364985,"תכנות מחשבים, ייעוץ בתחום המחשבים ושירותים נלווים אחרים +",0.054192602502528275,0.021280031802032348,-924.6492079037255,-294.3398379593463,-1218.9890458630719,75.62075851757756
64+65+66,118854,10.826854796641257,21885.138189236306,1064.0,10.335526315789474,15860.418300350446,"שירותים פיננסיים, פרט לביטוח ולקרנות פנסיה +",0.02772102370050267,0.013217719694899252,-273.71764031457684,-123.3222307801363,-397.03987109471313,72.47118187332727
68,35742,10.292373118460075,15393.53173292475,393.0,10.173027989821882,12993.54014747622,"פעילויות בנדל""ן",0.008336318753288626,0.004882108872270119,-49.02745209123184,-15.86205753710069,-64.88950962833252,84.40909060319626
69,77888,10.428294474116681,13434.29049578924,863.0,10.113557358053303,10199.90710740914,שירותים משפטיים ושירותי חשבונאות,0.018166280427959952,0.010720763248776367,-87.98441213541652,-46.71588710372318,-134.7002992391397,75.92441975708458
70,50931,10.040289803852271,16796.762150963976,1081.0,9.293246993524514,10678.46165957847,שירותי משרדים ראשיים; שירותי ייעוץ ניהולי,0.011878939354925382,0.013428905065964373,21.29282740473141,-77.42049847811886,-56.12767107338745,63.57452444467475
71,61923,10.566590765951261,15541.466761800155,1062.0,10.192090395480227,12675.172661169148,שירותי אדריכלות והנדסה; בדיקות טכניות וניתוח נתונים טכניים,0.014442668741533535,0.013192874357126886,-17.632498748827153,-39.60579707571214,-57.23829582453929,81.55711977149957
72,51640,10.897366382649109,34018.95838206371,822.0,10.371046228710462,20487.734416813266,מחקר מדעי ופיתוח,0.012044303632136552,0.010211433824442843,-49.951835774148876,-150.57368401839457,-200.52551979254343,60.22446127455595
73+74+75,46750,9.703486631016043,12762.187735647602,668.0,8.922155688622755,9978.73554978788,פרסום וחקר שווקים +,0.010903779914840896,0.008298342815970583,-29.625022595218688,-26.724095244111933,-56.34911783933062,78.18985080367588
77+79,26353,9.551891625241907,12539.606766873507,432.0,8.449074074074074,9568.467599440166,שירותי השכרה והחכרה +,0.006146466568894163,0.0053665929588312756,-8.620751883797917,-17.103451049908326,-25.724202933706245,76.30596219905121
78,69828,7.284441771209257,6099.297151515061,1150.0,7.087826086956522,5424.444303030297,שירותי תעסוקה,0.016286398799861178,0.014286069219111033,-11.525640456221888,-10.31595856390637,-21.841599020128257,88.93556369331618
80,50100,9.892215568862275,9072.426222828492,790.0,9.178481012658228,8564.956470765525,"שירותי שמירה, אבטחה וחקירה",0.011685120293765323,0.009813908420084972,-16.50163995844873,-5.455053385506109,-21.95669334395484,94.4064604153402
81,104339,9.363526581623363,7323.481307988233,1206.0,8.686567164179104,6852.706676035405,שירותי תחזוקה לבניינים ועבודות גינון,0.02433560411838683,0.01498173867673731,-66.30107743904293,-9.254803791868884,-75.55588123091181,93.5717097899967
82,50447,9.295002676075882,8069.559687493386,1058.0,9.128544423440454,6981.776079114111,שירותי ניהול ותמיכה למשרדים ולעסקים,0.011766053162865853,0.013143183681582151,10.363826915820676,-13.547929768313823,-3.1841028524931474,86.51991371889623
83,215694,10.852610642855156,11536.414685120728,4602.0,10.218166014776184,10262.457865533699,מינהל מקומי,0.05030759154976882,0.0571691222142165,74.78681622835111,-68.46034622321609,6.326470005135022,88.9570819499915
84,91337,10.923415483320012,19488.490472031233,1921.0,11.048932847475273,18906.822932417785,מינהל ציבורי וביטחון; ביטוח לאומי חובה,0.02130307050442402,0.02386394693035852,49.16282648191019,-13.136093951483852,36.02673253042634,97.01532789084806
85,475354,10.202644765795597,11163.277004243126,11534.0,10.089908097797816,11550.88251117661,חינוך,0.11086963417410223,0.14328306293324058,368.1218956383811,49.25549250040183,417.3773881387829,103.47214806894208
86,189550,10.88436824056977,16108.910941997598,2461.0,10.456318569687118,13715.304558618061,שירותי בריאות,0.04420987129108218,0.03057218812889761,-203.36660077905506,-89.49940739496569,-292.86600817402075,85.14110362892903
87+88,332238,9.671253739788947,5177.19400082125,5778.0,9.121495327102803,4606.291725549267,מגורים טיפוליים +,0.07748984024271464,0.0717781808243683,-27.93996919664056,-42.60872642627197,-70.54869562291253,88.97274710622354
90+91+92,23122,9.355332583686533,10179.677462540103,495.0,9.426262626262627,10990.926027591937,"יצירה, אמנות ובידור +",0.005392881266116603,0.006149221098660836,8.006085349293413,4.681756990553538,12.68784233984695,107.96929537342537
93,51649,7.71072043989235,6163.238220150218,1043.0,6.9837008628954935,7021.534201036527,"פעילויות ספורט, בילוי ופנאי",0.01204640275554262,0.012956843648289399,6.001977986904189,10.730092948759538,16.732070935663728,113.92605559331096
94,115821,9.019556039060275,7018.534516232434,2664.0,8.47897897897898,6495.804867055904,פעילויות של ארגוני חברים,0.027013619112658555,0.033093989912792866,41.08609728462577,-15.710014689357129,25.37608259526864,92.5521539009666
95+96,27468,9.334498325324013,7996.797559299487,369.0,8.504065040650406,6546.069038135908,"תיקון של מחשבים, ציוד אישי וציוד לבית +",0.0064065246353122935,0.004583964819001714,-13.252622137225558,-7.9721082564604355,-21.224730393685995,81.85863140331062
