לוח,מהדורה,נספח,אוכלוסייה,משפחת מדדים,רמה גאוגרפית,פילוח מגדרי,שורות,עמודות,כיסוי,חסרות,התאמות fuzzy,שם הלוח
171,2016–2022,ז,עצמאים שאינם שכירים,שיעור עד שכר מינימום,"יישוב (2,000+)",לא,276,19,12/14,יסוד המעלה · מטולה,קרית שמונה→קריית שמונה · טובא-זנגריה→טובא-זנגרייה,"אחוז העצמאים שאינם שכירים (הכנסה מעבודה עצמאית), ששכרם אינו גבוה משכר המינימום (לפי ממוצע לחודש בשנה), לפי יישוב, 2022-2016 (יישובים עם לפחות 2,000 תושבים)"
125,2016–2022,ה,עצמאים · עצמאית ושכירה,שיעור עד שכר מינימום,"יישוב (2,000+)",לא,275,15,12/14,יסוד המעלה · מטולה,קרית שמונה→קריית שמונה · טובא-זנגריה→טובא-זנגרייה,"אחוז העצמאים ששכרם אינו גבוה משכר המינימום (הכנסה מעבודה שכירה ועצמאית, לפי ממוצע לחודש בשנה), לפי יישוב, 2022-2016  (יישובים עם לפחות 2,000 תושבים)"
102,2016–2022,ד,שכירים שאינם עצמאים,שיעור עד שכר מינימום,"יישוב (2,000+)",לא,276,19,12/14,יסוד המעלה · מטולה,קרית שמונה→קריית שמונה · טובא-זנגריה→טובא-זנגרייה,"אחוז השכירים שאינם עצמאים (הכנסה מעבודה שכירה), ששכרם אינו גבוה משכר המינימום (לפי ממוצע לחודש עבודה), לפי יישוב, 2022-2016 (יישובים עם לפחות 2,000 תושבים)"
194,2016–2022,ח,שכיר וגם עצמאי,שיעור עד שכר מינימום,"יישוב (2,000+)",לא,276,30,12/14,יסוד המעלה · מטולה,קרית שמונה→קריית שמונה · טובא-זנגריה→טובא-זנגרייה,"אחוז השכירים שהינם גם עצמאים (הכנסה מעבודה שכירה ועצמאית), ששכרם אינו גבוה משכר המינימום (לפי ממוצע לחודש בשנה), לפי יישוב, 2022-2016 (יישובים עם לפחות 2,000 תושבים)"
56,2016–2022,ב,שכירים · שכירה ועצמאית,שיעור עד שכר מינימום,"יישוב (2,000+)",לא,275,15,12/14,יסוד המעלה · מטולה,קרית שמונה→קריית שמונה · טובא-זנגריה→טובא-זנגרייה,"אחוז השכירים ששכרם אינו גבוה משכר המינימום (הכנסה מעבודה שכירה ועצמאית, לפי ממוצע לחודש בשנה), לפי יישוב, 2022-2016 (יישובים עם לפחות 2,000 תושבים)"
124,2023–2024,ח,שכיר וגם עצמאי,התפלגות קבוצת הכנסה,"יישוב (2,000+)",כן,851,20,13/14,יסוד המעלה,קרית שמונה→קריית שמונה · טובא-זנגריה→טובא-זנגרייה,"קבוצת ההכנסה של עובדים שהינם שכירים וגם עצמאים (הכנסה מעבודה שכירה ועצמאית, ממוצע לחודש בשנה), לפי יישוב ומין, 2024-2023 (יישובים עם לפחות 2,000 תושבים)"
123,2023–2024,ח,שכיר וגם עצמאי,התפלגות קבוצת הכנסה,"יישוב (2,000+)",כן,851,20,13/14,יסוד המעלה,קרית שמונה→קריית שמונה · טובא-זנגריה→טובא-זנגרייה,"קבוצת ההכנסה של עובדים שהינם שכירים וגם עצמאים (הכנסה מעבודה שכירה ועצמאית, ממוצע לחודש עבודה), לפי יישוב ומין, 2024-2023 (יישובים עם לפחות 2,000 תושבים)"
114,2023–2024,ח,שכיר וגם עצמאי,שכר ממוצע וחציוני,"יישוב (2,000+)",כן,851,17,13/14,יסוד המעלה,קרית שמונה→קריית שמונה · טובא-זנגריה→טובא-זנגרייה,"שכר ממוצע וחציוני, חודשי ושנתי של עובדים שהינם שכירים וגם עצמאים (הכנסה מעבודה שכירה ועצמאית), לפי יישוב ומין, 2024-2023 (יישובים עם לפחות 2,000 תושבים)"
5,2016–2022,א,כלל העובדים,שיעור עד שכר מינימום,"יישוב (2,000+)",לא,280,22,12/14,יסוד המעלה · מטולה,קרית שמונה→קריית שמונה · טובא-זנגריה→טובא-זנגרייה,"אחוז העובדים ששכרם אינו גבוה משכר המינימום (לפי ממוצע לחודש בשנה ולפי ממוצע לחודש עבודה), לפי יישוב, 2022-2016 (יישובים עם לפחות 2,000 תושבים)"
148,2016–2022,ו,עצמאים · עצמאית בלבד,שיעור עד שכר מינימום,"יישוב (2,000+)",לא,277,19,12/14,יסוד המעלה · מטולה,קרית שמונה→קריית שמונה · טובא-זנגריה→טובא-זנגרייה,"אחוז העצמאים (הכנסה מעבודה עצמאית), ששכרם אינו גבוה משכר המינימום (לפי ממוצע לחודש בשנה), לפי יישוב, 2022-2016  (יישובים עם לפחות 2,000 תושבים)"
79,2016–2022,ג,שכירים · שכירה בלבד,שיעור עד שכר מינימום,"יישוב (2,000+)",לא,276,19,12/14,יסוד המעלה · מטולה,קרית שמונה→קריית שמונה · טובא-זנגריה→טובא-זנגרייה,"אחוז השכירים (הכנסה מעבודה שכירה), ששכרם אינו גבוה משכר המינימום (לפי ממוצע לחודש עבודה), לפי יישוב, 2022-2016 (יישובים עם לפחות 2,000 תושבים)"
6,2023–2024,א,כלל העובדים,משך העבודה,"יישוב (2,000+)",כן,872,16,13/14,יסוד המעלה,קרית שמונה→קריית שמונה · טובא-זנגריה→טובא-זנגרייה,"משך העבודה של כלל העובדים, לפי יישוב ומין, 2024-2023 (יישובים עם לפחות 2,000 תושבים)"
7,2023–2024,א,כלל העובדים,משך העבודה,מועצה אזורית,כן,173,16,4/4,,,"משך העבודה של כלל העובדים, לפי מועצה איזורית ומין, 2024-2023"
8,2023–2024,א,כלל העובדים,משך העבודה,מחוז ונפה,כן,71,17,,,,"משך העבודה של כלל העובדים, לפי מחוז, נפה ומין, 2024-2023"
ישובים מעל 2000 תושבים,2023–2024,ח,שכיר וגם עצמאי,משך העבודה,"יישוב (2,000+)",כן,851,16,13/14,יסוד המעלה,קרית שמונה→קריית שמונה · טובא-זנגריה→טובא-זנגרייה,"משך העבודה של עובדים שהינם שכירים וגם עצמאים (הכנסה מעבודה שכירה ועצמאית), לפי יישוב ומין, 2024-2023 (יישובים עם לפחות 2,000 תושבים)"
119,2023–2024,ח,שכיר וגם עצמאי,משך העבודה,מועצה אזורית,כן,171,16,4/4,,,"משך העבודה של עובדים שהינם שכירים וגם עצמאים (הכנסה מעבודה שכירה ועצמאית), לפי מועצה איזורית ומין, 2024-2023"
120,2023–2024,ח,שכיר וגם עצמאי,משך העבודה,מחוז ונפה,כן,71,17,,,,"משך העבודה של עובדים שהינם שכירים וגם עצמאים (הכנסה מעבודה שכירה ועצמאית), לפי מחוז, נפה ומין, 2024-2023"
86,2023–2024,ו,עצמאים · עצמאית בלבד,משך העבודה,"יישוב (2,000+)",כן,866,16,13/14,יסוד המעלה,קרית שמונה→קריית שמונה · טובא-זנגריה→טובא-זנגרייה,"משך העבודה של עצמאים (הכנסה מעבודה עצמאית בלבד), לפי יישוב ומין, 2024-2023 (יישובים עם לפחות 2,000 תושבים)"
87,2023–2024,ו,עצמאים · עצמאית בלבד,משך העבודה,מועצה אזורית,כן,173,16,4/4,,,"משך העבודה של עצמאים (הכנסה מעבודה עצמאית בלבד), לפי מועצה איזורית ומין, 2024-2023"
88,2023–2024,ו,עצמאים · עצמאית בלבד,משך העבודה,מחוז ונפה,כן,71,17,,,,"משך העבודה של עצמאים (הכנסה מעבודה עצמאית בלבד), לפי מחוז, נפה ומין, 2024-2023"
70,2023–2024,ה,עצמאים · עצמאית ושכירה,משך העבודה,"יישוב (2,000+)",כן,866,16,13/14,יסוד המעלה,קרית שמונה→קריית שמונה · טובא-זנגריה→טובא-זנגרייה,"משך העבודה של עצמאים (הכנסה מעבודה עצמאית ושכירה), לפי יישוב ומין, 2024-2023 (יישובים עם לפחות 2,000 תושבים)"
71,2023–2024,ה,עצמאים · עצמאית ושכירה,משך העבודה,מועצה אזורית,כן,173,16,4/4,,,"משך העבודה של עצמאים (הכנסה מעבודה עצמאית ושכירה), לפי מועצה איזורית ומין, 2024-2023"
מחוז ונפה,2023–2024,ה,עצמאים · עצמאית ושכירה,משך העבודה,מחוז ונפה,כן,71,18,,,,"משך העבודה של עצמאים (הכנסה מעבודה עצמאית ושכירה), לפי מחוז, נפה ומין, 2024-2023"
102,2023–2024,ז,עצמאים שאינם שכירים,משך העבודה,"יישוב (2,000+)",כן,865,16,13/14,יסוד המעלה,קרית שמונה→קריית שמונה · טובא-זנגריה→טובא-זנגרייה,"משך העבודה של עצמאים שאינם גם שכירים (הכנסה מעבודה עצמאית), לפי יישוב ומין, 2024-2023 (יישובים עם לפחות 2,000 תושבים)"
103,2023–2024,ז,עצמאים שאינם שכירים,משך העבודה,מועצה אזורית,כן,179,16,4/4,,,"משך העבודה של עצמאים שאינם גם שכירים (הכנסה מעבודה עצמאית), לפי מועצה איזורית ומין, 2024-2023"
104,2023–2024,ז,עצמאים שאינם שכירים,משך העבודה,מחוז ונפה,כן,71,17,,,,"משך העבודה של עצמאים שאינם גם שכירים (הכנסה מעבודה עצמאית), לפי מחוז, נפה ומין, 2024-2023"
38,2023–2024,ג,שכירים · שכירה בלבד,משך העבודה,"יישוב (2,000+)",כן,872,16,13/14,יסוד המעלה,קרית שמונה→קריית שמונה · טובא-זנגריה→טובא-זנגרייה,"משך העבודה של שכירים (הכנסה מעבודה שכירה בלבד), לפי יישוב ומין, 2024-2023 (יישובים עם לפחות 2,000 תושבים)"
39,2023–2024,ג,שכירים · שכירה בלבד,משך העבודה,מועצה אזורית,כן,173,16,4/4,,,"משך העבודה של שכירים (הכנסה מעבודה שכירה בלבד), לפי מועצה איזורית ומין, 2024-2023"
40,2023–2024,ג,שכירים · שכירה בלבד,משך העבודה,מחוז ונפה,כן,71,17,,,,"משך העבודה של שכירים (הכנסה מעבודה שכירה בלבד), לפי מחוז, נפה ומין, 2024-2023"
22,2023–2024,ב,שכירים · שכירה ועצמאית,משך העבודה,"יישוב (2,000+)",כן,872,16,13/14,יסוד המעלה,קרית שמונה→קריית שמונה · טובא-זנגריה→טובא-זנגרייה,"משך העבודה של שכירים (הכנסה מעבודה שכירה ועצמאית), לפי יישוב ומין, 2024-2023 (יישובים עם לפחות 2,000 תושבים)"
23,2023–2024,ב,שכירים · שכירה ועצמאית,משך העבודה,מועצה אזורית,כן,173,16,4/4,,,"משך העבודה של שכירים (הכנסה מעבודה שכירה ועצמאית), לפי מועצה איזורית ומין, 2024-2023"
24,2023–2024,ב,שכירים · שכירה ועצמאית,משך העבודה,מחוז ונפה,כן,71,17,,,,"משך העבודה של שכירים (הכנסה מעבודה שכירה ועצמאית), לפי מחוז, נפה ומין, 2024-2023"
54,2023–2024,ד,שכירים שאינם עצמאים,משך העבודה,"יישוב (2,000+)",כן,872,16,13/14,יסוד המעלה,קרית שמונה→קריית שמונה · טובא-זנגריה→טובא-זנגרייה,"משך העבודה של שכירים שאינם גם עצמאים (הכנסה מעבודה שכירה), לפי יישוב ומין, 2024-2023 (יישובים עם לפחות 2,000 תושבים)"
55,2023–2024,ד,שכירים שאינם עצמאים,משך העבודה,מועצה אזורית,כן,173,16,4/4,,,"משך העבודה של שכירים שאינם גם עצמאים (הכנסה מעבודה שכירה), לפי מועצה איזורית ומין, 2024-2023"
56,2023–2024,ד,שכירים שאינם עצמאים,משך העבודה,מחוז ונפה,כן,71,17,,,,"משך העבודה של שכירים שאינם גם עצמאים (הכנסה מעבודה שכירה), לפי מחוז, נפה ומין, 2024-2023"
228,?,—,כלל המבוטחים,סוג המבוטחים,מועצה אזורית,לא,59,13,4/4,,,"סוג המבוטחים לפי מועצה אזורית, 2016"
229,?,—,כלל המבוטחים,סוג המבוטחים,מועצה אזורית,לא,59,13,4/4,,,"סוג המבוטחים לפי מועצה אזורית, 2017"
230,?,—,כלל המבוטחים,סוג המבוטחים,מועצה אזורית,לא,59,13,4/4,,,"סוג המבוטחים לפי מועצה אזורית, 2018"
231,?,—,כלל המבוטחים,סוג המבוטחים,מועצה אזורית,לא,59,9,4/4,,,"סוג המבוטחים לפי מועצה אזורית, 2019"
232,?,—,כלל המבוטחים,סוג המבוטחים,מועצה אזורית,לא,59,9,4/4,,,"סוג המבוטחים לפי מועצה אזורית, 2020"
233,?,—,כלל המבוטחים,סוג המבוטחים,מועצה אזורית,לא,59,9,4/4,,,"סוג המבוטחים לפי מועצה אזורית, 2021"
234,?,—,כלל המבוטחים,סוג המבוטחים,מועצה אזורית,לא,59,9,4/4,,,"סוג המבוטחים לפי מועצה אזורית, 2022"
235,?,—,כלל המבוטחים,סוג המבוטחים,מחוז ונפה,לא,25,14,,,,"סוג המבוטחים לפי מחוז ונפה, 2016"
236,?,—,כלל המבוטחים,סוג המבוטחים,מחוז ונפה,לא,25,14,,,,"סוג המבוטחים לפי מחוז ונפה, 2017"
237,?,—,כלל המבוטחים,סוג המבוטחים,מחוז ונפה,לא,25,14,,,,"סוג המבוטחים לפי מחוז ונפה, 2018"
238,?,—,כלל המבוטחים,סוג המבוטחים,מחוז ונפה,לא,25,10,,,,"סוג המבוטחים לפי מחוז ונפה, 2019"
239,?,—,כלל המבוטחים,סוג המבוטחים,מחוז ונפה,לא,25,10,,,,"סוג המבוטחים לפי מחוז ונפה, 2020"
240,?,—,כלל המבוטחים,סוג המבוטחים,מחוז ונפה,לא,25,10,,,,"סוג המבוטחים לפי מחוז ונפה, 2021"
241,?,—,כלל המבוטחים,סוג המבוטחים,מחוז ונפה,לא,25,10,,,,"סוג המבוטחים לפי מחוז ונפה, 2022"
ישובים מעל 2000 תושבים,2023–2024,א,כלל העובדים,התפלגות קבוצת הכנסה,"יישוב (2,000+)",כן,872,20,13/14,יסוד המעלה,קרית שמונה→קריית שמונה · טובא-זנגריה→טובא-זנגרייה,"קבוצת ההכנסה של כלל העובדים (ממוצע לחודש בשנה), לפי יישוב ומין, 2024-2023 (יישובים עם לפחות 2,000 תושבים)"
14,2023–2024,א,כלל העובדים,התפלגות קבוצת הכנסה,מועצה אזורית,כן,173,20,4/4,,,"קבוצת ההכנסה של כלל העובדים (ממוצע לחודש בשנה), לפי מועצה איזורית ומין, 2024-2023"
16,2023–2024,א,כלל העובדים,התפלגות קבוצת הכנסה,מחוז ונפה,כן,71,21,,,,"קבוצת ההכנסה של כלל העובדים (ממוצע לחודש בשנה), לפי מחוז, נפה ומין, 2024-2023"
11,2023–2024,א,כלל העובדים,התפלגות קבוצת הכנסה,"יישוב (2,000+)",כן,872,20,13/14,יסוד המעלה,קרית שמונה→קריית שמונה · טובא-זנגריה→טובא-זנגרייה,"קבוצת ההכנסה של כלל העובדים (ממוצע לחודש עבודה), לפי יישוב ומין, 2024-2023 (יישובים עם לפחות 2,000 תושבים)"
13,2023–2024,א,כלל העובדים,התפלגות קבוצת הכנסה,מועצה אזורית,כן,173,20,4/4,,,"קבוצת ההכנסה של כלל העובדים (ממוצע לחודש עבודה), לפי מועצה איזורית ומין, 2024-2023"
15,2023–2024,א,כלל העובדים,התפלגות קבוצת הכנסה,מחוז ונפה,כן,71,21,,,,"קבוצת ההכנסה של כלל העובדים (ממוצע לחודש עבודה), לפי מחוז, נפה ומין, 2024-2023"
126,2023–2024,ח,שכיר וגם עצמאי,התפלגות קבוצת הכנסה,מועצה אזורית,כן,171,20,4/4,,,"קבוצת ההכנסה של עובדים שהינם שכירים וגם עצמאים (הכנסה מעבודה שכירה ועצמאית, ממוצע לחודש בשנה), לפי מועצה איזורית ומין, 2024-2023"
128,2023–2024,ח,שכיר וגם עצמאי,התפלגות קבוצת הכנסה,מחוז ונפה,כן,71,21,,,,"קבוצת ההכנסה של עובדים שהינם שכירים וגם עצמאים (הכנסה מעבודה שכירה ועצמאית, ממוצע לחודש בשנה), לפי מחוז, נפה ומין, 2024-2023"
125,2023–2024,ח,שכיר וגם עצמאי,התפלגות קבוצת הכנסה,מועצה אזורית,כן,172,20,4/4,,,"קבוצת ההכנסה של עובדים שהינם שכירים וגם עצמאים (הכנסה מעבודה שכירה ועצמאית, ממוצע לחודש עבודה), לפי מועצה איזורית ומין, 2024-2023"
127,2023–2024,ח,שכיר וגם עצמאי,התפלגות קבוצת הכנסה,מחוז ונפה,כן,71,21,,,,"קבוצת ההכנסה של עובדים שהינם שכירים וגם עצמאים (הכנסה מעבודה שכירה ועצמאית, ממוצע לחודש עבודה), לפי מחוז, נפה ומין, 2024-2023"
92,2023–2024,ו,עצמאים · עצמאית בלבד,התפלגות קבוצת הכנסה,"יישוב (2,000+)",כן,866,20,13/14,יסוד המעלה,קרית שמונה→קריית שמונה · טובא-זנגריה→טובא-זנגרייה,"קבוצת ההכנסה של עצמאים (הכנסה מעבודה עצמאית בלבד, ממוצע לחודש בשנה), לפי יישוב ומין, 2024-2023 (יישובים עם לפחות 2,000 תושבים)"
94,2023–2024,ו,עצמאים · עצמאית בלבד,התפלגות קבוצת הכנסה,מועצה אזורית,כן,173,20,4/4,,,"קבוצת ההכנסה של עצמאים (הכנסה מעבודה עצמאית בלבד, ממוצע לחודש בשנה), לפי מועצה איזורית ומין, 2024-2023"
96,2023–2024,ו,עצמאים · עצמאית בלבד,התפלגות קבוצת הכנסה,מחוז ונפה,כן,71,21,,,,"קבוצת ההכנסה של עצמאים (הכנסה מעבודה עצמאית בלבד, ממוצע לחודש בשנה), לפי מחוז, נפה ומין, 2024-2023"
91,2023–2024,ו,עצמאים · עצמאית בלבד,התפלגות קבוצת הכנסה,"יישוב (2,000+)",כן,866,20,13/14,יסוד המעלה,קרית שמונה→קריית שמונה · טובא-זנגריה→טובא-זנגרייה,"קבוצת ההכנסה של עצמאים (הכנסה מעבודה עצמאית בלבד, ממוצע לחודש עבודה), לפי יישוב ומין, 2024-2023 (יישובים עם לפחות 2,000 תושבים)"
93,2023–2024,ו,עצמאים · עצמאית בלבד,התפלגות קבוצת הכנסה,מועצה אזורית,כן,173,20,4/4,,,"קבוצת ההכנסה של עצמאים (הכנסה מעבודה עצמאית בלבד, ממוצע לחודש עבודה), לפי מועצה איזורית ומין, 2024-2023"
95,2023–2024,ו,עצמאים · עצמאית בלבד,התפלגות קבוצת הכנסה,מחוז ונפה,כן,71,21,,,,"קבוצת ההכנסה של עצמאים (הכנסה מעבודה עצמאית בלבד, ממוצע לחודש עבודה), לפי מחוז, נפה ומין, 2024-2023"
76,2023–2024,ה,עצמאים · עצמאית ושכירה,התפלגות קבוצת הכנסה,"יישוב (2,000+)",כן,866,20,13/14,יסוד המעלה,קרית שמונה→קריית שמונה · טובא-זנגריה→טובא-זנגרייה,"קבוצת ההכנסה של עצמאים (הכנסה מעבודה עצמאית ושכירה, ממוצע לחודש בשנה), לפי יישוב ומין, 2024-2023 (יישובים עם לפחות 2,000 תושבים)"
78,2023–2024,ה,עצמאים · עצמאית ושכירה,התפלגות קבוצת הכנסה,מועצה אזורית,כן,173,20,4/4,,,"קבוצת ההכנסה של עצמאים (הכנסה מעבודה עצמאית ושכירה, ממוצע לחודש בשנה), לפי מועצה איזורית ומין, 2024-2023"
80,2023–2024,ה,עצמאים · עצמאית ושכירה,התפלגות קבוצת הכנסה,מחוז ונפה,כן,71,21,,,,"קבוצת ההכנסה של עצמאים (הכנסה מעבודה עצמאית ושכירה, ממוצע לחודש בשנה), לפי מחוז, נפה ומין, 2024-2023"
75,2023–2024,ה,עצמאים · עצמאית ושכירה,התפלגות קבוצת הכנסה,"יישוב (2,000+)",כן,866,20,13/14,יסוד המעלה,קרית שמונה→קריית שמונה · טובא-זנגריה→טובא-זנגרייה,"קבוצת ההכנסה של עצמאים (הכנסה מעבודה עצמאית ושכירה, ממוצע לחודש עבודה), לפי יישוב ומין, 2024-2023 (יישובים עם לפחות 2,000 תושבים)"
77,2023–2024,ה,עצמאים · עצמאית ושכירה,התפלגות קבוצת הכנסה,מועצה אזורית,כן,173,20,4/4,,,"קבוצת ההכנסה של עצמאים (הכנסה מעבודה עצמאית ושכירה, ממוצע לחודש עבודה), לפי מועצה איזורית ומין, 2024-2023"
79,2023–2024,ה,עצמאים · עצמאית ושכירה,התפלגות קבוצת הכנסה,מחוז ונפה,כן,71,21,,,,"קבוצת ההכנסה של עצמאים (הכנסה מעבודה עצמאית ושכירה, ממוצע לחודש עבודה), לפי מחוז, נפה ומין, 2024-2023"
108,2023–2024,ז,עצמאים שאינם שכירים,התפלגות קבוצת הכנסה,"יישוב (2,000+)",כן,865,20,13/14,יסוד המעלה,קרית שמונה→קריית שמונה · טובא-זנגריה→טובא-זנגרייה,"קבוצת ההכנסה של עצמאים שאינם גם שכירים (הכנסה מעבודה עצמאית, ממוצע לחודש בשנה), לפי יישוב ומין, 2024-2023 (יישובים עם לפחות 2,000 תושבים)"
110,2023–2024,ז,עצמאים שאינם שכירים,התפלגות קבוצת הכנסה,מועצה אזורית,כן,173,20,4/4,,,"קבוצת ההכנסה של עצמאים שאינם גם שכירים (הכנסה מעבודה עצמאית, ממוצע לחודש בשנה), לפי מועצה איזורית ומין, 2024-2023"
112,2023–2024,ז,עצמאים שאינם שכירים,התפלגות קבוצת הכנסה,מחוז ונפה,כן,72,21,,,,"קבוצת ההכנסה של עצמאים שאינם גם שכירים (הכנסה מעבודה עצמאית, ממוצע לחודש בשנה), לפי מחוז, נפה ומין, 2024-2023"
107,2023–2024,ז,עצמאים שאינם שכירים,התפלגות קבוצת הכנסה,"יישוב (2,000+)",כן,865,20,13/14,יסוד המעלה,קרית שמונה→קריית שמונה · טובא-זנגריה→טובא-זנגרייה,"קבוצת ההכנסה של עצמאים שאינם גם שכירים (הכנסה מעבודה עצמאית, ממוצע לחודש עבודה), לפי יישוב ומין, 2024-2023 (יישובים עם לפחות 2,000 תושבים)"
109,2023–2024,ז,עצמאים שאינם שכירים,התפלגות קבוצת הכנסה,מועצה אזורית,כן,173,20,4/4,,,"קבוצת ההכנסה של עצמאים שאינם גם שכירים (הכנסה מעבודה עצמאית, ממוצע לחודש עבודה), לפי מועצה איזורית ומין, 2024-2023"
111,2023–2024,ז,עצמאים שאינם שכירים,התפלגות קבוצת הכנסה,מחוז ונפה,כן,71,21,,,,"קבוצת ההכנסה של עצמאים שאינם גם שכירים (הכנסה מעבודה עצמאית, ממוצע לחודש עבודה), לפי מחוז, נפה ומין, 2024-2023"
44,2023–2024,ג,שכירים · שכירה בלבד,התפלגות קבוצת הכנסה,"יישוב (2,000+)",כן,872,20,13/14,יסוד המעלה,קרית שמונה→קריית שמונה · טובא-זנגריה→טובא-זנגרייה,"קבוצת ההכנסה של שכירים (הכנסה מעבודה שכירה בלבד, ממוצע לחודש בשנה), לפי יישוב ומין, 2024-2023 (יישובים עם לפחות 2,000 תושבים)"
46,2023–2024,ג,שכירים · שכירה בלבד,התפלגות קבוצת הכנסה,מועצה אזורית,כן,173,20,4/4,,,"קבוצת ההכנסה של שכירים (הכנסה מעבודה שכירה בלבד, ממוצע לחודש בשנה), לפי מועצה איזורית ומין, 2024-2023"
48,2023–2024,ג,שכירים · שכירה בלבד,התפלגות קבוצת הכנסה,מחוז ונפה,כן,71,21,,,,"קבוצת ההכנסה של שכירים (הכנסה מעבודה שכירה בלבד, ממוצע לחודש בשנה), לפי מחוז, נפה ומין, 2024-2023"
43,2023–2024,ג,שכירים · שכירה בלבד,התפלגות קבוצת הכנסה,"יישוב (2,000+)",כן,872,20,13/14,יסוד המעלה,קרית שמונה→קריית שמונה · טובא-זנגריה→טובא-זנגרייה,"קבוצת ההכנסה של שכירים (הכנסה מעבודה שכירה בלבד, ממוצע לחודש עבודה), לפי יישוב ומין, 2024-2023 (יישובים עם לפחות 2,000 תושבים)"
45,2023–2024,ג,שכירים · שכירה בלבד,התפלגות קבוצת הכנסה,מועצה אזורית,כן,173,20,4/4,,,"קבוצת ההכנסה של שכירים (הכנסה מעבודה שכירה בלבד, ממוצע לחודש עבודה), לפי מועצה איזורית ומין, 2024-2023"
47,2023–2024,ג,שכירים · שכירה בלבד,התפלגות קבוצת הכנסה,מחוז ונפה,כן,71,21,,,,"קבוצת ההכנסה של שכירים (הכנסה מעבודה שכירה בלבד, ממוצע לחודש עבודה), לפי מחוז, נפה ומין, 2024-2023"
28,2023–2024,ב,שכירים · שכירה ועצמאית,התפלגות קבוצת הכנסה,"יישוב (2,000+)",כן,872,20,13/14,יסוד המעלה,קרית שמונה→קריית שמונה · טובא-זנגריה→טובא-זנגרייה,"קבוצת ההכנסה של שכירים (הכנסה מעבודה שכירה ועצמאית, ממוצע לחודש בשנה), לפי יישוב ומין, 2024-2023 (יישובים עם לפחות 2,000 תושבים)"
30,2023–2024,ב,שכירים · שכירה ועצמאית,התפלגות קבוצת הכנסה,מועצה אזורית,כן,173,20,4/4,,,"קבוצת ההכנסה של שכירים (הכנסה מעבודה שכירה ועצמאית, ממוצע לחודש בשנה), לפי מועצה איזורית ומין, 2024-2023"
32,2023–2024,ב,שכירים · שכירה ועצמאית,התפלגות קבוצת הכנסה,מחוז ונפה,כן,71,21,,,,"קבוצת ההכנסה של שכירים (הכנסה מעבודה שכירה ועצמאית, ממוצע לחודש בשנה), לפי מחוז, נפה ומין, 2024-2023"
27,2023–2024,ב,שכירים · שכירה ועצמאית,התפלגות קבוצת הכנסה,"יישוב (2,000+)",כן,872,20,13/14,יסוד המעלה,קרית שמונה→קריית שמונה · טובא-זנגריה→טובא-זנגרייה,"קבוצת ההכנסה של שכירים (הכנסה מעבודה שכירה ועצמאית, ממוצע לחודש עבודה), לפי יישוב ומין, 2024-2023 (יישובים עם לפחות 2,000 תושבים)"
29,2023–2024,ב,שכירים · שכירה ועצמאית,התפלגות קבוצת הכנסה,מועצה אזורית,כן,173,20,4/4,,,"קבוצת ההכנסה של שכירים (הכנסה מעבודה שכירה ועצמאית, ממוצע לחודש עבודה), לפי מועצה איזורית ומין, 2024-2023"
31,2023–2024,ב,שכירים · שכירה ועצמאית,התפלגות קבוצת הכנסה,מחוז ונפה,כן,71,21,,,,"קבוצת ההכנסה של שכירים (הכנסה מעבודה שכירה ועצמאית, ממוצע לחודש עבודה), לפי מחוז, נפה ומין, 2024-2023"
60,2023–2024,ד,שכירים שאינם עצמאים,התפלגות קבוצת הכנסה,"יישוב (2,000+)",כן,872,20,13/14,יסוד המעלה,קרית שמונה→קריית שמונה · טובא-זנגריה→טובא-זנגרייה,"קבוצת ההכנסה של שכירים שאינם גם עצמאים (הכנסה מעבודה שכירה, ממוצע לחודש בשנה), לפי יישוב ומין, 2024-2023 (יישובים עם לפחות 2,000 תושבים)"
62,2023–2024,ד,שכירים שאינם עצמאים,התפלגות קבוצת הכנסה,מועצה אזורית,כן,173,20,4/4,,,"קבוצת ההכנסה של שכירים שאינם גם עצמאים (הכנסה מעבודה שכירה, ממוצע לחודש בשנה), לפי מועצה איזורית ומין, 2024-2023"
64,2023–2024,ד,שכירים שאינם עצמאים,התפלגות קבוצת הכנסה,מחוז ונפה,כן,71,21,,,,"קבוצת ההכנסה של שכירים שאינם גם עצמאים (הכנסה מעבודה שכירה, ממוצע לחודש בשנה), לפי מחוז, נפה ומין, 2024-2023"
59,2023–2024,ד,שכירים שאינם עצמאים,התפלגות קבוצת הכנסה,"יישוב (2,000+)",כן,872,20,13/14,יסוד המעלה,קרית שמונה→קריית שמונה · טובא-זנגריה→טובא-זנגרייה,"קבוצת ההכנסה של שכירים שאינם גם עצמאים (הכנסה מעבודה שכירה, ממוצע לחודש עבודה), לפי יישוב ומין, 2024-2023 (יישובים עם לפחות 2,000 תושבים)"
61,2023–2024,ד,שכירים שאינם עצמאים,התפלגות קבוצת הכנסה,מועצה אזורית,כן,173,20,4/4,,,"קבוצת ההכנסה של שכירים שאינם גם עצמאים (הכנסה מעבודה שכירה, ממוצע לחודש עבודה), לפי מועצה איזורית ומין, 2024-2023"
63,2023–2024,ד,שכירים שאינם עצמאים,התפלגות קבוצת הכנסה,מחוז ונפה,כן,71,21,,,,"קבוצת ההכנסה של שכירים שאינם גם עצמאים (הכנסה מעבודה שכירה, ממוצע לחודש עבודה), לפי מחוז, נפה ומין, 2024-2023"
2,2023–2024,א,כלל העובדים,שכר ממוצע וחציוני,"יישוב (2,000+)",כן,872,17,13/14,יסוד המעלה,קרית שמונה→קריית שמונה · טובא-זנגריה→טובא-זנגרייה,"שכר ממוצע וחציוני, חודשי ושנתי של כלל העובדים, לפי יישוב ומין, 2024-2023 (יישובים עם לפחות 2,000 תושבים)"
17,2016,א,כלל העובדים,שכר ממוצע וחציוני,"יישוב (2,000+)",לא,275,6,12/14,יסוד המעלה · מטולה,קרית שמונה→קריית שמונה · טובא-זנגריה→טובא-זנגרייה,"שכר ממוצע וחציוני, חודשי ושנתי של כלל העובדים, לפי יישוב, 2016 (יישובים עם לפחות 2,000 תושבים)"
18,2017,א,כלל העובדים,שכר ממוצע וחציוני,"יישוב (2,000+)",לא,275,6,12/14,יסוד המעלה · מטולה,קרית שמונה→קריית שמונה · טובא-זנגריה→טובא-זנגרייה,"שכר ממוצע וחציוני, חודשי ושנתי של כלל העובדים, לפי יישוב, 2017 (יישובים עם לפחות 2,000 תושבים)"
19,2018,א,כלל העובדים,שכר ממוצע וחציוני,"יישוב (2,000+)",לא,275,10,12/14,יסוד המעלה · מטולה,קרית שמונה→קריית שמונה · טובא-זנגריה→טובא-זנגרייה,"שכר ממוצע וחציוני, חודשי ושנתי של כלל העובדים, לפי יישוב, 2018 (יישובים עם לפחות 2,000 תושבים)"
20,2019,א,כלל העובדים,שכר ממוצע וחציוני,"יישוב (2,000+)",לא,275,10,12/14,יסוד המעלה · מטולה,קרית שמונה→קריית שמונה · טובא-זנגריה→טובא-זנגרייה,"שכר ממוצע וחציוני, חודשי ושנתי של כלל העובדים, לפי יישוב, 2019 (יישובים עם לפחות 2,000 תושבים)"
21,2020,א,כלל העובדים,שכר ממוצע וחציוני,"יישוב (2,000+)",לא,275,6,12/14,יסוד המעלה · מטולה,קרית שמונה→קריית שמונה · טובא-זנגריה→טובא-זנגרייה,"שכר ממוצע וחציוני, חודשי ושנתי של כלל העובדים, לפי יישוב, 2020 (יישובים עם לפחות 2,000 תושבים)"
22,2021,א,כלל העובדים,שכר ממוצע וחציוני,"יישוב (2,000+)",לא,275,6,12/14,יסוד המעלה · מטולה,קרית שמונה→קריית שמונה · טובא-זנגריה→טובא-זנגרייה,"שכר ממוצע וחציוני, חודשי ושנתי של כלל העובדים, לפי יישוב, 2021 (יישובים עם לפחות 2,000 תושבים)"
23,2022,א,כלל העובדים,שכר ממוצע וחציוני,"יישוב (2,000+)",לא,275,19,12/14,יסוד המעלה · מטולה,קרית שמונה→קריית שמונה · טובא-זנגריה→טובא-זנגרייה,"שכר ממוצע וחציוני, חודשי ושנתי של כלל העובדים, לפי יישוב, 2022 (יישובים עם לפחות 2,000 תושבים)"
31,2016,א,כלל העובדים,שכר ממוצע וחציוני,"יישוב (2,000+)",כן,277,11,12/14,יסוד המעלה · מטולה,קרית שמונה→קריית שמונה · טובא-זנגריה→טובא-זנגרייה,"שכר ממוצע וחציוני, חודשי ושנתי של כלל העובדים, לפי מגדר ולפי יישוב, 2016 (יישובים עם לפחות 2,000 תושבים)"
32,2017,א,כלל העובדים,שכר ממוצע וחציוני,"יישוב (2,000+)",כן,277,11,12/14,יסוד המעלה · מטולה,קרית שמונה→קריית שמונה · טובא-זנגריה→טובא-זנגרייה,"שכר ממוצע וחציוני, חודשי ושנתי של כלל העובדים, לפי מגדר ולפי יישוב, 2017 (יישובים עם לפחות 2,000 תושבים)"
33,2018,א,כלל העובדים,שכר ממוצע וחציוני,"יישוב (2,000+)",כן,281,19,12/14,יסוד המעלה · מטולה,קרית שמונה→קריית שמונה · טובא-זנגריה→טובא-זנגרייה,"שכר ממוצע וחציוני, חודשי ושנתי של כלל העובדים, לפי מגדר ולפי יישוב, 2018 (יישובים עם לפחות 2,000 תושבים)"
34,2019,א,כלל העובדים,שכר ממוצע וחציוני,"יישוב (2,000+)",כן,277,11,12/14,יסוד המעלה · מטולה,קרית שמונה→קריית שמונה · טובא-זנגריה→טובא-זנגרייה,"שכר ממוצע וחציוני, חודשי ושנתי של כלל העובדים, לפי מגדר ולפי יישוב, 2019 (יישובים עם לפחות 2,000 תושבים)"
35,2020,א,כלל העובדים,שכר ממוצע וחציוני,"יישוב (2,000+)",כן,277,11,12/14,יסוד המעלה · מטולה,קרית שמונה→קריית שמונה · טובא-זנגריה→טובא-זנגרייה,"שכר ממוצע וחציוני, חודשי ושנתי של כלל העובדים, לפי מגדר ולפי יישוב, 2020 (יישובים עם לפחות 2,000 תושבים)"
36,2021,א,כלל העובדים,שכר ממוצע וחציוני,"יישוב (2,000+)",כן,277,11,12/14,יסוד המעלה · מטולה,קרית שמונה→קריית שמונה · טובא-זנגריה→טובא-זנגרייה,"שכר ממוצע וחציוני, חודשי ושנתי של כלל העובדים, לפי מגדר ולפי יישוב, 2021 (יישובים עם לפחות 2,000 תושבים)"
37,2022,א,כלל העובדים,שכר ממוצע וחציוני,"יישוב (2,000+)",כן,277,11,12/14,יסוד המעלה · מטולה,קרית שמונה→קריית שמונה · טובא-זנגריה→טובא-זנגרייה,"שכר ממוצע וחציוני, חודשי ושנתי של כלל העובדים, לפי מגדר ולפי יישוב, 2022 (יישובים עם לפחות 2,000 תושבים)"
3,2023–2024,א,כלל העובדים,שכר ממוצע וחציוני,מועצה אזורית,כן,173,17,4/4,,,"שכר ממוצע וחציוני, חודשי ושנתי של כלל העובדים, לפי מועצה איזורית ומין, 2024-2023"
4,2023–2024,א,כלל העובדים,שכר ממוצע וחציוני,מחוז ונפה,כן,71,18,,,,"שכר ממוצע וחציוני, חודשי ושנתי של כלל העובדים, לפי מחוז, נפה ומין, 2024-2023"
115,2023–2024,ח,שכיר וגם עצמאי,שכר ממוצע וחציוני,מועצה אזורית,כן,171,17,4/4,,,"שכר ממוצע וחציוני, חודשי ושנתי של עובדים שהינם שכירים וגם עצמאים (הכנסה מעבודה שכירה ועצמאית), לפי מועצה איזורית ומין, 2024-2023"
116,2023–2024,ח,שכיר וגם עצמאי,שכר ממוצע וחציוני,מחוז ונפה,כן,71,18,,,,"שכר ממוצע וחציוני, חודשי ושנתי של עובדים שהינם שכירים וגם עצמאים (הכנסה מעבודה שכירה ועצמאית), לפי מחוז, נפה ומין, 2024-2023"
82,2023–2024,ו,עצמאים · עצמאית בלבד,שכר ממוצע וחציוני,"יישוב (2,000+)",כן,866,17,13/14,יסוד המעלה,קרית שמונה→קריית שמונה · טובא-זנגריה→טובא-זנגרייה,"שכר ממוצע וחציוני, חודשי ושנתי של עצמאים (הכנסה מעבודה עצמאית בלבד), לפי יישוב ומין, 2024-2023 (יישובים עם לפחות 2,000 תושבים)"
83,2023–2024,ו,עצמאים · עצמאית בלבד,שכר ממוצע וחציוני,מועצה אזורית,כן,173,17,4/4,,,"שכר ממוצע וחציוני, חודשי ושנתי של עצמאים (הכנסה מעבודה עצמאית בלבד), לפי מועצה איזורית ומין, 2024-2023"
84,2023–2024,ו,עצמאים · עצמאית בלבד,שכר ממוצע וחציוני,מחוז ונפה,כן,71,18,,,,"שכר ממוצע וחציוני, חודשי ושנתי של עצמאים (הכנסה מעבודה עצמאית בלבד), לפי מחוז, נפה ומין, 2024-2023"
66,2023–2024,ה,עצמאים · עצמאית ושכירה,שכר ממוצע וחציוני,"יישוב (2,000+)",כן,866,17,13/14,יסוד המעלה,קרית שמונה→קריית שמונה · טובא-זנגריה→טובא-זנגרייה,"שכר ממוצע וחציוני, חודשי ושנתי של עצמאים (הכנסה מעבודה עצמאית ושכירה), לפי יישוב ומין, 2024-2023 (יישובים עם לפחות 2,000 תושבים)"
67,2023–2024,ה,עצמאים · עצמאית ושכירה,שכר ממוצע וחציוני,מועצה אזורית,כן,173,17,4/4,,,"שכר ממוצע וחציוני, חודשי ושנתי של עצמאים (הכנסה מעבודה עצמאית ושכירה), לפי מועצה איזורית ומין, 2024-2023"
68,2023–2024,ה,עצמאים · עצמאית ושכירה,שכר ממוצע וחציוני,מחוז ונפה,כן,71,18,,,,"שכר ממוצע וחציוני, חודשי ושנתי של עצמאים (הכנסה מעבודה עצמאית ושכירה), לפי מחוז, נפה ומין, 2024-2023"
98,2023–2024,ז,עצמאים שאינם שכירים,שכר ממוצע וחציוני,"יישוב (2,000+)",כן,865,17,13/14,יסוד המעלה,קרית שמונה→קריית שמונה · טובא-זנגריה→טובא-זנגרייה,"שכר ממוצע וחציוני, חודשי ושנתי של עצמאים שאינם גם שכירים (הכנסה מעבודה עצמאית), לפי יישוב ומין, 2024-2023 (יישובים עם לפחות 2,000 תושבים)"
99,2023–2024,ז,עצמאים שאינם שכירים,שכר ממוצע וחציוני,מועצה אזורית,כן,173,17,4/4,,,"שכר ממוצע וחציוני, חודשי ושנתי של עצמאים שאינם גם שכירים (הכנסה מעבודה עצמאית), לפי מועצה איזורית ומין, 2024-2023"
100,2023–2024,ז,עצמאים שאינם שכירים,שכר ממוצע וחציוני,מחוז ונפה,כן,71,18,,,,"שכר ממוצע וחציוני, חודשי ושנתי של עצמאים שאינם גם שכירים (הכנסה מעבודה עצמאית), לפי מחוז, נפה ומין, 2024-2023"
34,2023–2024,ג,שכירים · שכירה בלבד,שכר ממוצע וחציוני,"יישוב (2,000+)",כן,872,17,13/14,יסוד המעלה,קרית שמונה→קריית שמונה · טובא-זנגריה→טובא-זנגרייה,"שכר ממוצע וחציוני, חודשי ושנתי של שכירים (הכנסה מעבודה שכירה בלבד), לפי יישוב ומין, 2024-2023 (יישובים עם לפחות 2,000 תושבים)"
35,2023–2024,ג,שכירים · שכירה בלבד,שכר ממוצע וחציוני,מועצה אזורית,כן,173,17,4/4,,,"שכר ממוצע וחציוני, חודשי ושנתי של שכירים (הכנסה מעבודה שכירה בלבד), לפי מועצה איזורית ומין, 2024-2023"
36,2023–2024,ג,שכירים · שכירה בלבד,שכר ממוצע וחציוני,מחוז ונפה,כן,71,18,,,,"שכר ממוצע וחציוני, חודשי ושנתי של שכירים (הכנסה מעבודה שכירה בלבד), לפי מחוז, נפה ומין, 2024-2023"
18,2023–2024,ב,שכירים · שכירה ועצמאית,שכר ממוצע וחציוני,"יישוב (2,000+)",כן,872,17,13/14,יסוד המעלה,קרית שמונה→קריית שמונה · טובא-זנגריה→טובא-זנגרייה,"שכר ממוצע וחציוני, חודשי ושנתי של שכירים (הכנסה מעבודה שכירה ועצמאית), לפי יישוב ומין, 2024-2023 (יישובים עם לפחות 2,000 תושבים)"
19,2023–2024,ב,שכירים · שכירה ועצמאית,שכר ממוצע וחציוני,מועצה אזורית,כן,173,17,4/4,,,"שכר ממוצע וחציוני, חודשי ושנתי של שכירים (הכנסה מעבודה שכירה ועצמאית), לפי מועצה איזורית ומין, 2024-2023"
20,2023–2024,ב,שכירים · שכירה ועצמאית,שכר ממוצע וחציוני,מחוז ונפה,כן,71,18,,,,"שכר ממוצע וחציוני, חודשי ושנתי של שכירים (הכנסה מעבודה שכירה ועצמאית), לפי מחוז, נפה ומין, 2024-2023"
50,2023–2024,ד,שכירים שאינם עצמאים,שכר ממוצע וחציוני,"יישוב (2,000+)",כן,872,17,13/14,יסוד המעלה,קרית שמונה→קריית שמונה · טובא-זנגריה→טובא-זנגרייה,"שכר ממוצע וחציוני, חודשי ושנתי של שכירים שאינם גם עצמאים (הכנסה מעבודה שכירה), לפי יישוב ומין, 2024-2023 (יישובים עם לפחות 2,000 תושבים)"
51,2023–2024,ד,שכירים שאינם עצמאים,שכר ממוצע וחציוני,מועצה אזורית,כן,173,17,4/4,,,"שכר ממוצע וחציוני, חודשי ושנתי של שכירים שאינם גם עצמאים (הכנסה מעבודה שכירה), לפי מועצה איזורית ומין, 2024-2023"
52,2023–2024,ד,שכירים שאינם עצמאים,שכר ממוצע וחציוני,מחוז ונפה,כן,71,18,,,,"שכר ממוצע וחציוני, חודשי ושנתי של שכירים שאינם גם עצמאים (הכנסה מעבודה שכירה), לפי מחוז, נפה ומין, 2024-2023"
58,2016–2022,ב,שכירים · שכירה ועצמאית,שכר ממוצע בלבד,מועצה אזורית,לא,59,15,4/4,,,"שכר ממוצע לחודש בשנה של השכירים (הכנסה מעבודה שכירה ועצמאית), לפי מועצה אזורית, 2022-2016"
60,2016–2022,ב,שכירים · שכירה ועצמאית,שכר ממוצע בלבד,מחוז ונפה,לא,25,16,,,,"שכר ממוצע לחודש בשנה של השכירים (הכנסה מעבודה שכירה ועצמאית), לפי מחוז ונפה, 2022-2016"
81,2016–2022,ג,שכירים · שכירה בלבד,שכר ממוצע בלבד,מועצה אזורית,לא,59,15,4/4,,,"שכר ממוצע לחודש בשנה של השכירים (הכנסה מעבודה שכירה), לפי מועצה אזורית, 2022-2016"
83,2016–2022,ג,שכירים · שכירה בלבד,שכר ממוצע בלבד,מחוז ונפה,לא,59,16,,,,"שכר ממוצע לחודש בשנה של השכירים (הכנסה מעבודה שכירה), לפי מחוז ונפה, 2022-2016"
4,2016–2022,א,כלל העובדים,שכר ממוצע בלבד,"יישוב (2,000+)",לא,277,15,12/14,יסוד המעלה · מטולה,קרית שמונה→קריית שמונה · טובא-זנגריה→טובא-זנגרייה,"שכר ממוצע לחודש בשנה של כלל העובדים, לפי יישוב, 2022-2016 (יישובים עם לפחות 2,000 תושבים)"
7,2016–2022,א,כלל העובדים,שכר ממוצע בלבד,מועצה אזורית,לא,59,15,4/4,,,"שכר ממוצע לחודש בשנה של כלל העובדים, לפי מועצה אזורית, 2022-2016"
9,2016–2022,א,כלל העובדים,שכר ממוצע בלבד,מחוז ונפה,לא,49,16,,,,"שכר ממוצע לחודש בשנה של כלל העובדים, לפי מחוז ונפה, 2022-2016"
147,2016–2022,ו,עצמאים · עצמאית בלבד,שכר ממוצע בלבד,"יישוב (2,000+)",לא,278,15,12/14,יסוד המעלה · מטולה,קרית שמונה→קריית שמונה · טובא-זנגריה→טובא-זנגרייה,"שכר ממוצע לחודש בשנה של עצמאים (הכנסה מעבודה עצמאית), לפי יישוב, 2022-2016 (יישובים עם לפחות 2,000 תושבים)"
150,2016–2022,ו,עצמאים · עצמאית בלבד,שכר ממוצע בלבד,מועצה אזורית,לא,60,15,4/4,,,"שכר ממוצע לחודש בשנה של עצמאים (הכנסה מעבודה עצמאית), לפי מועצה אזורית, 2022-2016"
152,2016–2022,ו,עצמאים · עצמאית בלבד,שכר ממוצע בלבד,מחוז ונפה,לא,28,16,,,,"שכר ממוצע לחודש בשנה של עצמאים (הכנסה מעבודה עצמאית), לפי מחוז ונפה, 2022-2016"
124,2016–2022,ה,עצמאים · עצמאית ושכירה,שכר ממוצע בלבד,"יישוב (2,000+)",לא,275,15,12/14,יסוד המעלה · מטולה,קרית שמונה→קריית שמונה · טובא-זנגריה→טובא-זנגרייה,"שכר ממוצע לחודש בשנה של עצמאים (הכנסה מעבודה שכירה ועצמאית), לפי יישוב, 2022-2016 (יישובים עם לפחות 2,000 תושבים)"
127,2016–2022,ה,עצמאים · עצמאית ושכירה,שכר ממוצע בלבד,מועצה אזורית,לא,59,15,4/4,,,"שכר ממוצע לחודש בשנה של עצמאים (הכנסה מעבודה שכירה ועצמאית), לפי מועצה אזורית, 2022-2016"
129,2016–2022,ה,עצמאים · עצמאית ושכירה,שכר ממוצע בלבד,מחוז ונפה,לא,25,16,,,,"שכר ממוצע לחודש בשנה של עצמאים (הכנסה מעבודה שכירה ועצמאית), לפי מחוז ונפה, 2022-2016"
170,2016–2022,ז,עצמאים שאינם שכירים,שכר ממוצע בלבד,"יישוב (2,000+)",לא,276,15,12/14,יסוד המעלה · מטולה,קרית שמונה→קריית שמונה · טובא-זנגריה→טובא-זנגרייה,"שכר ממוצע לחודש בשנה של עצמאים שאינם שכירים (הכנסה מעבודה עצמאית), לפי יישוב, 2022-2016 (יישובים עם לפחות 2,000 תושבים)"
173,2016–2022,ז,עצמאים שאינם שכירים,שכר ממוצע בלבד,מועצה אזורית,לא,63,15,4/4,,,"שכר ממוצע לחודש בשנה של עצמאים שאינם שכירים (הכנסה מעבודה עצמאית), לפי מועצה אזורית, 2022-2016"
175,2016–2022,ז,עצמאים שאינם שכירים,שכר ממוצע בלבד,מחוז ונפה,לא,30,16,,,,"שכר ממוצע לחודש בשנה של עצמאים שאינם שכירים (הכנסה מעבודה עצמאית), לפי מחוז ונפה, 2022-2016"
55,2016–2022,ב,שכירים · שכירה ועצמאית,שכר ממוצע בלבד,"יישוב (2,000+)",לא,275,15,12/14,יסוד המעלה · מטולה,קרית שמונה→קריית שמונה · טובא-זנגריה→טובא-זנגרייה,"שכר ממוצע לחודש בשנה של שכירים (הכנסה מעבודה שכירה ועצמאית), לפי יישוב, 2022-2016 (יישובים עם לפחות 2,000 תושבים)"
78,2016–2022,ג,שכירים · שכירה בלבד,שכר ממוצע בלבד,"יישוב (2,000+)",לא,276,15,12/14,יסוד המעלה · מטולה,קרית שמונה→קריית שמונה · טובא-זנגריה→טובא-זנגרייה,"שכר ממוצע לחודש בשנה של שכירים (הכנסה מעבודה שכירה), 2022-2016 (יישובים עם לפחות 2,000 תושבים)"
101,2016–2022,ד,שכירים שאינם עצמאים,שכר ממוצע בלבד,"יישוב (2,000+)",לא,277,15,12/14,יסוד המעלה · מטולה,קרית שמונה→קריית שמונה · טובא-זנגריה→טובא-זנגרייה,"שכר ממוצע לחודש בשנה של שכירים שאינם עצמאים (הכנסה מעבודה שכירה), לפי יישוב, 2022-2016 (יישובים עם לפחות 2,000 תושבים)"
104,2016–2022,ד,שכירים שאינם עצמאים,שכר ממוצע בלבד,מועצה אזורית,לא,61,15,4/4,,,"שכר ממוצע לחודש בשנה של שכירים שאינם עצמאים (הכנסה מעבודה שכירה), לפי מועצה אזורית, 2022-2016"
106,2016–2022,ד,שכירים שאינם עצמאים,שכר ממוצע בלבד,מחוז ונפה,לא,26,16,,,,"שכר ממוצע לחודש בשנה של שכירים שאינם עצמאים (הכנסה מעבודה שכירה), לפי מחוז ונפה, 2022-2016"
193,2016–2022,ח,שכיר וגם עצמאי,שכר ממוצע בלבד,"יישוב (2,000+)",לא,277,15,12/14,יסוד המעלה · מטולה,קרית שמונה→קריית שמונה · טובא-זנגריה→טובא-זנגרייה,"שכר ממוצע לחודש בשנה של שכירים שהינם גם עצמאים (הכנסה מעבודה שכירה ועצמאית), לפי יישוב, 2022-2016 (יישובים עם לפחות 2,000 תושבים)"
196,2016–2022,ח,שכיר וגם עצמאי,שכר ממוצע בלבד,מועצה אזורית,לא,61,15,4/4,,,"שכר ממוצע לחודש בשנה של שכירים שהינם גם עצמאים (הכנסה מעבודה שכירה ועצמאית), לפי מועצה אזורית, 2022-2016"
198,2016–2022,ח,שכיר וגם עצמאי,שכר ממוצע בלבד,מחוז ונפה,לא,28,16,,,,"שכר ממוצע לחודש בשנה של שכירים שהינם גם עצמאים (הכנסה מעבודה שכירה ועצמאית), לפי מחוז ונפה, 2022-2016"
57,2016–2022,ב,שכירים · שכירה ועצמאית,שכר ממוצע בלבד,מועצה אזורית,לא,59,15,4/4,,,"שכר ממוצע לחודש עבודה של השכירים (הכנסה מעבודה שכירה ועצמאית), לפי מועצה אזורית, 2022-2016"
59,2016–2022,ב,שכירים · שכירה ועצמאית,שכר ממוצע בלבד,מחוז ונפה,לא,25,16,,,,"שכר ממוצע לחודש עבודה של השכירים (הכנסה מעבודה שכירה ועצמאית), לפי מחוז ונפה, 2022-2016"
80,2016–2022,ג,שכירים · שכירה בלבד,שכר ממוצע בלבד,מועצה אזורית,לא,60,15,4/4,,,"שכר ממוצע לחודש עבודה של השכירים (הכנסה מעבודה שכירה), לפי מועצה אזורית, 2022-2016"
82,2016–2022,ג,שכירים · שכירה בלבד,שכר ממוצע בלבד,מחוז ונפה,לא,25,16,,,,"שכר ממוצע לחודש עבודה של השכירים (הכנסה מעבודה שכירה), לפי מחוז ונפה, 2022-2016"
3,2016–2022,א,כלל העובדים,שכר ממוצע בלבד,"יישוב (2,000+)",לא,275,15,12/14,יסוד המעלה · מטולה,קרית שמונה→קריית שמונה · טובא-זנגריה→טובא-זנגרייה,"שכר ממוצע לחודש עבודה של כלל העובדים, לפי יישוב, 2022-2016 (יישובים עם לפחות 2,000 תושבים)"
6,2016–2022,א,כלל העובדים,שכר ממוצע בלבד,מועצה אזורית,לא,59,15,4/4,,,"שכר ממוצע לחודש עבודה של כלל העובדים, לפי מועצה אזורית, 2022-2016"
8,2016–2022,א,כלל העובדים,שכר ממוצע בלבד,מחוז ונפה,לא,66,16,,,,"שכר ממוצע לחודש עבודה של כלל העובדים, לפי מחוז ונפה, 2022-2016"
146,2016–2022,ו,עצמאים · עצמאית בלבד,שכר ממוצע בלבד,"יישוב (2,000+)",לא,276,15,12/14,יסוד המעלה · מטולה,קרית שמונה→קריית שמונה · טובא-זנגריה→טובא-זנגרייה,"שכר ממוצע לחודש עבודה של עצמאים (הכנסה מעבודה עצמאית), לפי יישוב, 2022-2016 (יישובים עם לפחות 2,000 תושבים)"
149,2016–2022,ו,עצמאים · עצמאית בלבד,שכר ממוצע בלבד,מועצה אזורית,לא,110,15,4/4,,,"שכר ממוצע לחודש עבודה של עצמאים (הכנסה מעבודה עצמאית), לפי מועצה אזורית, 2022-2016"
151,2016–2022,ו,עצמאים · עצמאית בלבד,שכר ממוצע בלבד,מחוז ונפה,לא,32,16,,,,"שכר ממוצע לחודש עבודה של עצמאים (הכנסה מעבודה עצמאית), לפי מחוז ונפה, 2022-2016"
123,2016–2022,ה,עצמאים · עצמאית ושכירה,שכר ממוצע בלבד,"יישוב (2,000+)",לא,275,15,12/14,יסוד המעלה · מטולה,קרית שמונה→קריית שמונה · טובא-זנגריה→טובא-זנגרייה,"שכר ממוצע לחודש עבודה של עצמאים (הכנסה מעבודה שכירה ועצמאית), לפי יישוב, 2022-2016 (יישובים עם לפחות 2,000 תושבים)"
126,2016–2022,ה,עצמאים · עצמאית ושכירה,שכר ממוצע בלבד,מועצה אזורית,לא,59,15,4/4,,,"שכר ממוצע לחודש עבודה של עצמאים (הכנסה מעבודה שכירה ועצמאית), לפי מועצה אזורית, 2022-2016"
128,2016–2022,ה,עצמאים · עצמאית ושכירה,שכר ממוצע בלבד,מחוז ונפה,לא,25,16,,,,"שכר ממוצע לחודש עבודה של עצמאים (הכנסה מעבודה שכירה ועצמאית), לפי מחוז ונפה, 2022-2016"
169,2016–2022,ז,עצמאים שאינם שכירים,שכר ממוצע בלבד,"יישוב (2,000+)",לא,278,15,12/14,יסוד המעלה · מטולה,קרית שמונה→קריית שמונה · טובא-זנגריה→טובא-זנגרייה,"שכר ממוצע לחודש עבודה של עצמאים שאינם שכירים (הכנסה מעבודה עצמאית), לפי יישוב, 2022-2016 (יישובים עם לפחות 2,000 תושבים)"
172,2016–2022,ז,עצמאים שאינם שכירים,שכר ממוצע בלבד,מועצה אזורית,לא,60,15,4/4,,,"שכר ממוצע לחודש עבודה של עצמאים שאינם שכירים (הכנסה מעבודה עצמאית), לפי מועצה אזורית, 2022-2016"
174,2016–2022,ז,עצמאים שאינם שכירים,שכר ממוצע בלבד,מחוז ונפה,לא,69,16,,,,"שכר ממוצע לחודש עבודה של עצמאים שאינם שכירים (הכנסה מעבודה עצמאית), לפי מחוז ונפה, 2022-2016"
54,2016–2022,ב,שכירים · שכירה ועצמאית,שכר ממוצע בלבד,"יישוב (2,000+)",לא,275,16,12/14,יסוד המעלה · מטולה,קרית שמונה→קריית שמונה · טובא-זנגריה→טובא-זנגרייה,"שכר ממוצע לחודש עבודה של שכירים (הכנסה מעבודה שכירה ועצמאית), לפי יישוב, 2022-2016 (יישובים עם לפחות 2,000 תושבים)"
77,2016–2022,ג,שכירים · שכירה בלבד,שכר ממוצע בלבד,"יישוב (2,000+)",לא,276,15,12/14,יסוד המעלה · מטולה,קרית שמונה→קריית שמונה · טובא-זנגריה→טובא-זנגרייה,"שכר ממוצע לחודש עבודה של שכירים (הכנסה מעבודה שכירה), לפי יישוב, 2022-2016 (יישובים עם לפחות 2,000 תושבים)"
100,2016–2022,ד,שכירים שאינם עצמאים,שכר ממוצע בלבד,"יישוב (2,000+)",לא,276,15,12/14,יסוד המעלה · מטולה,קרית שמונה→קריית שמונה · טובא-זנגריה→טובא-זנגרייה,"שכר ממוצע לחודש עבודה של שכירים שאינם עצמאים (הכנסה מעבודה שכירה), לפי יישוב, 2022-2016 (יישובים עם לפחות 2,000 תושבים)"
103,2016–2022,ד,שכירים שאינם עצמאים,שכר ממוצע בלבד,מועצה אזורית,לא,60,15,4/4,,,"שכר ממוצע לחודש עבודה של שכירים שאינם עצמאים (הכנסה מעבודה שכירה), לפי מועצה אזורית, 2022-2016"
105,2016–2022,ד,שכירים שאינם עצמאים,שכר ממוצע בלבד,מחוז ונפה,לא,32,16,,,,"שכר ממוצע לחודש עבודה של שכירים שאינם עצמאים (הכנסה מעבודה שכירה), לפי מחוז ונפה, 2022-2016"
192,2016–2022,ח,שכיר וגם עצמאי,שכר ממוצע בלבד,"יישוב (2,000+)",לא,279,15,12/14,יסוד המעלה · מטולה,קרית שמונה→קריית שמונה · טובא-זנגריה→טובא-זנגרייה,"שכר ממוצע לחודש עבודה של שכירים שהינם גם עצמאים (הכנסה מעבודה שכירה ועצמאית), לפי יישוב, 2022-2016 (יישובים עם לפחות 2,000 תושבים)"
195,2016–2022,ח,שכיר וגם עצמאי,שכר ממוצע בלבד,מועצה אזורית,לא,60,15,4/4,,,"שכר ממוצע לחודש עבודה של שכירים שהינם גם עצמאים (הכנסה מעבודה שכירה ועצמאית), לפי מועצה אזורית, 2022-2016"
197,2016–2022,ח,שכיר וגם עצמאי,שכר ממוצע בלבד,מחוז ונפה,לא,26,16,,,,"שכר ממוצע לחודש עבודה של שכירים שהינם גם עצמאים (הכנסה מעבודה שכירה ועצמאית), לפי מחוז ונפה, 2022-2016"
