קובץ,משפחה,רמה_גאוגרפית,אוכלוסייה,מושג_הכנסה,פילוח_מגדר,שנים,מדדים,שורות,ישויות,נחלץ_בהצלחה,סיבת_כשל,מקור_בפועל
"אחוז העובדים ששכרם אינו גבוה משכר המינימום (לפי ממוצע לחודש בשנה ולפי ממוצע לחודש עבודה), לפי יישוב, 2022-2016 (יישובים עם לפחות 2,000 תושבים)",אחוז עד שכר מינימום,יישוב,העובדים,כל מקורות ההכנסה,לא,"2016,2017,2018,2019,2020,2021,2022","n_workers,pct_minwage_work,pct_minwage_year",5691,271,כן,,xlsx
"אחוז העצמאים (הכנסה מעבודה עצמאית), ששכרם אינו גבוה משכר המינימום (לפי ממוצע לחודש בשנה), לפי יישוב, 2022-2016  (יישובים עם לפחות 2,000 תושבים)",אחוז עד שכר מינימום,יישוב,העצמאים,מעבודה עצמאית,לא,"2016,2017,2018,2019,2020,2021,2022","n_self,pct_minwage_sub",3793,271,כן,,xlsx
"אחוז העצמאים שאינם שכירים (הכנסה מעבודה עצמאית), ששכרם אינו גבוה משכר המינימום (לפי ממוצע לחודש בשנה), לפי יישוב, 2022-2016 (יישובים עם לפחות 2,000 תושבים)",אחוז עד שכר מינימום,יישוב,העצמאים שאינם שכירים,מעבודה עצמאית,לא,"2016,2017,2018,2019,2020,2021,2022","n_self_only,pct_minwage_sub",3774,270,לא,שם קובץ ארוך מדי,unified_all.csv
"אחוז העצמאים ששכרם אינו גבוה משכר המינימום (הכנסה מעבודה שכירה ועצמאית, לפי ממוצע לחודש בשנה), לפי יישוב, 2022-2016  (יישובים עם לפחות 2,000 תושבים)",אחוז עד שכר מינימום,יישוב,העצמאים,מעבודה שכירה ועצמאית,לא,"2016,2017,2018,2019,2020,2021,2022","n_self,pct_minwage_sub",3778,270,לא,שם קובץ ארוך מדי,unified_all.csv
"אחוז השכירים (הכנסה מעבודה שכירה), ששכרם אינו גבוה משכר המינימום (לפי ממוצע לחודש עבודה), לפי יישוב, 2022-2016 (יישובים עם לפחות 2,000 תושבים)",אחוז עד שכר מינימום,יישוב,השכירים,מעבודה שכירה,לא,"2016,2017,2018,2019,2020,2021,2022","n_emp,pct_minwage_sub",3794,271,כן,,xlsx
"אחוז השכירים שאינם עצמאים (הכנסה מעבודה שכירה), ששכרם אינו גבוה משכר המינימום (לפי ממוצע לחודש עבודה), לפי יישוב, 2022-2016 (יישובים עם לפחות 2,000 תושבים)",אחוז עד שכר מינימום,יישוב,השכירים שאינם עצמאים,מעבודה שכירה,לא,"2016,2017,2018,2019,2020,2021,2022","n_emp_only,pct_minwage_sub",3780,270,לא,שם קובץ ארוך מדי,unified_all.csv
"אחוז השכירים שהינם גם עצמאים (הכנסה מעבודה שכירה ועצמאית), ששכרם אינו גבוה משכר המינימום (לפי ממוצע לחודש בשנה), לפי יישוב, 2022-2016 (יישובים עם לפחות 2,000 תושבים)",אחוז עד שכר מינימום,יישוב,השכירים שהינם גם עצמאים,מעבודה שכירה ועצמאית,לא,"2016,2017,2018,2019,2020,2021,2022","n_both,pct_minwage_sub",3756,270,לא,שם קובץ ארוך מדי,unified_all.csv
"אחוז השכירים ששכרם אינו גבוה משכר המינימום (הכנסה מעבודה שכירה ועצמאית, לפי ממוצע לחודש בשנה), לפי יישוב, 2022-2016 (יישובים עם לפחות 2,000 תושבים)",אחוז עד שכר מינימום,יישוב,השכירים,מעבודה שכירה ועצמאית,לא,"2016,2017,2018,2019,2020,2021,2022","n_emp,pct_minwage_sub",3780,270,לא,שם קובץ ארוך מדי,unified_all.csv
"משך העבודה של כלל העובדים, לפי יישוב ומין, 2024-2023 (יישובים עם לפחות 2,000 תושבים)",משך העבודה,יישוב,כלל העובדים,כל מקורות ההכנסה,כן,"2023,2024","dur_12,dur_1_2,dur_3_5,dur_6_8,dur_9_11,months_avg,n_workers",12117,289,כן,,xlsx
"משך העבודה של כלל העובדים, לפי מועצה איזורית ומין, 2024-2023",משך העבודה,מועצה אזורית,כלל העובדים,כל מקורות ההכנסה,כן,"2023,2024","dur_12,dur_1_2,dur_3_5,dur_6_8,dur_9_11,months_avg,n_workers",2352,56,כן,,xlsx
"משך העבודה של כלל העובדים, לפי מחוז, נפה ומין, 2024-2023",משך העבודה,נפה/מחוז,כלל העובדים,כל מקורות ההכנסה,כן,"2023,2024","dur_12,dur_1_2,dur_3_5,dur_6_8,dur_9_11,months_avg,n_workers",924,15,כן,,xlsx
"משך העבודה של עובדים שהינם שכירים וגם עצמאים (הכנסה מעבודה שכירה ועצמאית), לפי יישוב ומין, 2024-2023 (יישובים עם לפחות 2,000 תושבים)",משך העבודה,יישוב,עובדים שהינם שכירים וגם עצמאים,מעבודה שכירה ועצמאית,כן,"2023,2024","dur_12,dur_1_2,dur_3_5,dur_6_8,dur_9_11,months_avg,n_both",11746,287,כן,,xlsx
"משך העבודה של עובדים שהינם שכירים וגם עצמאים (הכנסה מעבודה שכירה ועצמאית), לפי מועצה איזורית ומין, 2024-2023",משך העבודה,מועצה אזורית,עובדים שהינם שכירים וגם עצמאים,מעבודה שכירה ועצמאית,כן,"2023,2024","dur_12,dur_1_2,dur_3_5,dur_6_8,dur_9_11,months_avg,n_both",2324,56,כן,,xlsx
"משך העבודה של עובדים שהינם שכירים וגם עצמאים (הכנסה מעבודה שכירה ועצמאית), לפי מחוז, נפה ומין, 2024-2023",משך העבודה,נפה/מחוז,עובדים שהינם שכירים וגם עצמאים,מעבודה שכירה ועצמאית,כן,"2023,2024","dur_12,dur_1_2,dur_3_5,dur_6_8,dur_9_11,months_avg,n_both",924,15,כן,,xlsx
"משך העבודה של עצמאים (הכנסה מעבודה עצמאית בלבד), לפי יישוב ומין, 2024-2023 (יישובים עם לפחות 2,000 תושבים)",משך העבודה,יישוב,עצמאים,מעבודה עצמאית בלבד,כן,"2023,2024","dur_12,dur_1_2,dur_3_5,dur_6_8,dur_9_11,months_avg,n_workers",12033,289,כן,,xlsx
"משך העבודה של עצמאים (הכנסה מעבודה עצמאית בלבד), לפי מועצה איזורית ומין, 2024-2023",משך העבודה,מועצה אזורית,עצמאים,מעבודה עצמאית בלבד,כן,"2023,2024","dur_12,dur_1_2,dur_3_5,dur_6_8,dur_9_11,months_avg,n_workers",2268,54,לא,דחיסה לא נתמכת/פגום,unified_all.csv
"משך העבודה של עצמאים (הכנסה מעבודה עצמאית בלבד), לפי מחוז, נפה ומין, 2024-2023",משך העבודה,נפה/מחוז,עצמאים,מעבודה עצמאית בלבד,כן,"2023,2024","dur_12,dur_1_2,dur_3_5,dur_6_8,dur_9_11,months_avg,n_workers",924,15,כן,,xlsx
"משך העבודה של עצמאים (הכנסה מעבודה עצמאית ושכירה), לפי יישוב ומין, 2024-2023 (יישובים עם לפחות 2,000 תושבים)",משך העבודה,יישוב,עצמאים,מעבודה עצמאית ושכירה,כן,"2023,2024","dur_12,dur_1_2,dur_3_5,dur_6_8,dur_9_11,months_avg,n_workers",12033,289,כן,,xlsx
"משך העבודה של עצמאים (הכנסה מעבודה עצמאית ושכירה), לפי מועצה איזורית ומין, 2024-2023",משך העבודה,מועצה אזורית,עצמאים,מעבודה עצמאית ושכירה,כן,"2023,2024","dur_12,dur_1_2,dur_3_5,dur_6_8,dur_9_11,months_avg,n_workers",2352,56,כן,,xlsx
"משך העבודה של עצמאים (הכנסה מעבודה עצמאית ושכירה), לפי מחוז, נפה ומין, 2024-2023",משך העבודה,נפה/מחוז,עצמאים,מעבודה עצמאית ושכירה,כן,"2023,2024","dur_12,dur_1_2,dur_3_5,dur_6_8,dur_9_11,months_avg,n_workers",924,15,כן,,xlsx
"משך העבודה של עצמאים שאינם גם שכירים (הכנסה מעבודה עצמאית), לפי יישוב ומין, 2024-2023 (יישובים עם לפחות 2,000 תושבים)",משך העבודה,יישוב,עצמאים שאינם גם שכירים,מעבודה עצמאית,כן,"2023,2024","dur_12,dur_1_2,dur_3_5,dur_6_8,dur_9_11,months_avg,n_self_only",11998,289,כן,,xlsx
"משך העבודה של עצמאים שאינם גם שכירים (הכנסה מעבודה עצמאית), לפי מועצה איזורית ומין, 2024-2023",משך העבודה,מועצה אזורית,עצמאים שאינם גם שכירים,מעבודה עצמאית,כן,"2023,2024","dur_12,dur_1_2,dur_3_5,dur_6_8,dur_9_11,months_avg,n_self_only",2436,56,כן,,xlsx
"משך העבודה של עצמאים שאינם גם שכירים (הכנסה מעבודה עצמאית), לפי מחוז, נפה ומין, 2024-2023",משך העבודה,נפה/מחוז,עצמאים שאינם גם שכירים,מעבודה עצמאית,כן,"2023,2024","dur_12,dur_1_2,dur_3_5,dur_6_8,dur_9_11,months_avg,n_self_only",924,15,כן,,xlsx
"משך העבודה של שכירים (הכנסה מעבודה שכירה בלבד), לפי יישוב ומין, 2024-2023 (יישובים עם לפחות 2,000 תושבים)",משך העבודה,יישוב,שכירים,מעבודה שכירה בלבד,כן,"2023,2024","dur_12,dur_1_2,dur_3_5,dur_6_8,dur_9_11,months_avg,n_workers",12117,289,כן,,xlsx
"משך העבודה של שכירים (הכנסה מעבודה שכירה בלבד), לפי מועצה איזורית ומין, 2024-2023",משך העבודה,מועצה אזורית,שכירים,מעבודה שכירה בלבד,כן,"2023,2024","dur_12,dur_1_2,dur_3_5,dur_6_8,dur_9_11,months_avg,n_workers",2352,56,כן,,xlsx
"משך העבודה של שכירים (הכנסה מעבודה שכירה בלבד), לפי מחוז, נפה ומין, 2024-2023",משך העבודה,נפה/מחוז,שכירים,מעבודה שכירה בלבד,כן,"2023,2024","dur_12,dur_1_2,dur_3_5,dur_6_8,dur_9_11,months_avg,n_workers",924,15,כן,,xlsx
"משך העבודה של שכירים (הכנסה מעבודה שכירה ועצמאית), לפי יישוב ומין, 2024-2023 (יישובים עם לפחות 2,000 תושבים)",משך העבודה,יישוב,שכירים,מעבודה שכירה ועצמאית,כן,"2023,2024","dur_12,dur_1_2,dur_3_5,dur_6_8,dur_9_11,months_avg,n_workers",12117,289,כן,,xlsx
"משך העבודה של שכירים (הכנסה מעבודה שכירה ועצמאית), לפי מועצה איזורית ומין, 2024-2023",משך העבודה,מועצה אזורית,שכירים,מעבודה שכירה ועצמאית,כן,"2023,2024","dur_12,dur_1_2,dur_3_5,dur_6_8,dur_9_11,months_avg,n_workers",2352,56,כן,,xlsx
"משך העבודה של שכירים (הכנסה מעבודה שכירה ועצמאית), לפי מחוז, נפה ומין, 2024-2023",משך העבודה,נפה/מחוז,שכירים,מעבודה שכירה ועצמאית,כן,"2023,2024","dur_12,dur_1_2,dur_3_5,dur_6_8,dur_9_11,months_avg,n_workers",882,14,לא,דחיסה לא נתמכת/פגום,unified_all.csv
"משך העבודה של שכירים שאינם גם עצמאים (הכנסה מעבודה שכירה), לפי יישוב ומין, 2024-2023 (יישובים עם לפחות 2,000 תושבים)",משך העבודה,יישוב,שכירים שאינם גם עצמאים,מעבודה שכירה,כן,"2023,2024","dur_12,dur_1_2,dur_3_5,dur_6_8,dur_9_11,months_avg,n_emp_only",12117,289,כן,,xlsx
"משך העבודה של שכירים שאינם גם עצמאים (הכנסה מעבודה שכירה), לפי מועצה איזורית ומין, 2024-2023",משך העבודה,מועצה אזורית,שכירים שאינם גם עצמאים,מעבודה שכירה,כן,"2023,2024","dur_12,dur_1_2,dur_3_5,dur_6_8,dur_9_11,months_avg,n_emp_only",2352,56,כן,,xlsx
"משך העבודה של שכירים שאינם גם עצמאים (הכנסה מעבודה שכירה), לפי מחוז, נפה ומין, 2024-2023",משך העבודה,נפה/מחוז,שכירים שאינם גם עצמאים,מעבודה שכירה,כן,"2023,2024","dur_12,dur_1_2,dur_3_5,dur_6_8,dur_9_11,months_avg,n_workers",882,14,לא,דחיסה לא נתמכת/פגום,unified_all.csv
"סוג המבוטחים לפי מועצה אזורית, 2016",סוג המבוטחים,מועצה אזורית,כלל העובדים,כל מקורות ההכנסה,לא,2016,"n_both,n_emp_only,n_self_only,n_workers,pct_both,pct_emp_only,pct_self_only",385,55,כן,,xlsx
"סוג המבוטחים לפי מועצה אזורית, 2017",סוג המבוטחים,מועצה אזורית,כלל העובדים,כל מקורות ההכנסה,לא,2017,"n_both,n_emp_only,n_self_only,n_workers,pct_both,pct_emp_only,pct_self_only",385,55,כן,,xlsx
"סוג המבוטחים לפי מועצה אזורית, 2018",סוג המבוטחים,מועצה אזורית,כלל העובדים,כל מקורות ההכנסה,לא,2018,"n_both,n_emp_only,n_self_only,n_workers,pct_both,pct_emp_only,pct_self_only",385,55,כן,,xlsx
"סוג המבוטחים לפי מועצה אזורית, 2019",סוג המבוטחים,מועצה אזורית,כלל העובדים,כל מקורות ההכנסה,לא,,,0,0,לא,דחיסה לא נתמכת/פגום,חסר
"סוג המבוטחים לפי מועצה אזורית, 2020",סוג המבוטחים,מועצה אזורית,כלל העובדים,כל מקורות ההכנסה,לא,2020,"n_both,n_emp_only,n_self_only,n_workers,pct_both,pct_emp_only,pct_self_only",385,55,כן,,xlsx
"סוג המבוטחים לפי מועצה אזורית, 2021",סוג המבוטחים,מועצה אזורית,כלל העובדים,כל מקורות ההכנסה,לא,2021,"n_both,n_emp_only,n_self_only,n_workers,pct_both,pct_emp_only,pct_self_only",385,55,כן,,xlsx
"סוג המבוטחים לפי מועצה אזורית, 2022",סוג המבוטחים,מועצה אזורית,כלל העובדים,כל מקורות ההכנסה,לא,2022,"n_both,n_emp_only,n_self_only,n_workers,pct_both,pct_emp_only,pct_self_only",385,55,כן,,xlsx
"סוג המבוטחים לפי מחוז ונפה, 2016",סוג המבוטחים,נפה/מחוז,כלל העובדים,כל מקורות ההכנסה,לא,2016,"n_both,n_emp_only,n_self_only,n_workers,pct_both,pct_emp_only,pct_self_only",147,15,כן,,xlsx
"סוג המבוטחים לפי מחוז ונפה, 2017",סוג המבוטחים,נפה/מחוז,כלל העובדים,כל מקורות ההכנסה,לא,,,0,0,לא,דחיסה לא נתמכת/פגום,חסר
"סוג המבוטחים לפי מחוז ונפה, 2018",סוג המבוטחים,נפה/מחוז,כלל העובדים,כל מקורות ההכנסה,לא,2018,"n_both,n_emp_only,n_self_only,n_workers,pct_both,pct_emp_only,pct_self_only",147,15,כן,,xlsx
"סוג המבוטחים לפי מחוז ונפה, 2019",סוג המבוטחים,נפה/מחוז,כלל העובדים,כל מקורות ההכנסה,לא,2019,"n_both,n_emp_only,n_self_only,n_workers,pct_both,pct_emp_only,pct_self_only",147,15,כן,,xlsx
"סוג המבוטחים לפי מחוז ונפה, 2020",סוג המבוטחים,נפה/מחוז,כלל העובדים,כל מקורות ההכנסה,לא,2020,"n_both,n_emp_only,n_self_only,n_workers,pct_both,pct_emp_only,pct_self_only",147,15,כן,,xlsx
"סוג המבוטחים לפי מחוז ונפה, 2021",סוג המבוטחים,נפה/מחוז,כלל העובדים,כל מקורות ההכנסה,לא,,,0,0,לא,דחיסה לא נתמכת/פגום,חסר
"סוג המבוטחים לפי מחוז ונפה, 2022",סוג המבוטחים,נפה/מחוז,כלל העובדים,כל מקורות ההכנסה,לא,2022,"n_both,n_emp_only,n_self_only,n_workers,pct_both,pct_emp_only,pct_self_only",147,15,כן,,xlsx
"קבוצת ההכנסה של כלל העובדים (ממוצע לחודש בשנה), לפי יישוב ומין, 2024-2023 (יישובים עם לפחות 2,000 תושבים)",קבוצת ההכנסה,יישוב,כלל העובדים,כל מקורות ההכנסה,כן,"2023,2024","inc_gt4x,inc_le100,inc_le2x,inc_le3x,inc_le4x,inc_le75,inc_minwage,n_workers,wage_year_mean",15579,289,כן,,xlsx
"קבוצת ההכנסה של כלל העובדים (ממוצע לחודש בשנה), לפי מועצה איזורית ומין, 2024-2023",קבוצת ההכנסה,מועצה אזורית,כלל העובדים,כל מקורות ההכנסה,כן,"2023,2024","inc_gt4x,inc_le100,inc_le2x,inc_le3x,inc_le4x,inc_le75,inc_minwage,n_workers,wage_year_mean",3024,56,כן,,xlsx
"קבוצת ההכנסה של כלל העובדים (ממוצע לחודש בשנה), לפי מחוז, נפה ומין, 2024-2023",קבוצת ההכנסה,נפה/מחוז,כלל העובדים,כל מקורות ההכנסה,כן,"2023,2024","inc_gt4x,inc_le100,inc_le2x,inc_le3x,inc_le4x,inc_le75,inc_minwage,n_workers,wage_year_mean",1188,15,כן,,xlsx
"קבוצת ההכנסה של כלל העובדים (ממוצע לחודש עבודה), לפי יישוב ומין, 2024-2023 (יישובים עם לפחות 2,000 תושבים)",קבוצת ההכנסה,יישוב,כלל העובדים,כל מקורות ההכנסה,כן,"2023,2024","inc_gt4x,inc_le100,inc_le2x,inc_le3x,inc_le4x,inc_le75,inc_minwage,n_workers,wage_work_mean",15579,289,כן,,xlsx
"קבוצת ההכנסה של כלל העובדים (ממוצע לחודש עבודה), לפי מועצה איזורית ומין, 2024-2023",קבוצת ההכנסה,מועצה אזורית,כלל העובדים,כל מקורות ההכנסה,כן,"2023,2024","inc_gt4x,inc_le100,inc_le2x,inc_le3x,inc_le4x,inc_le75,inc_minwage,n_workers,wage_work_mean",3024,56,כן,,xlsx
"קבוצת ההכנסה של כלל העובדים (ממוצע לחודש עבודה), לפי מחוז, נפה ומין, 2024-2023",קבוצת ההכנסה,נפה/מחוז,כלל העובדים,כל מקורות ההכנסה,כן,"2023,2024","inc_gt4x,inc_le100,inc_le2x,inc_le3x,inc_le4x,inc_le75,inc_minwage,n_workers,wage_work_mean",1188,15,כן,,xlsx
"קבוצת ההכנסה של עובדים שהינם שכירים וגם עצמאים (הכנסה מעבודה שכירה ועצמאית, ממוצע לחודש בשנה), לפי יישוב ומין, 2024-2023 (יישובים עם לפחות 2,000 תושבים)",קבוצת ההכנסה,יישוב,עובדים שהינם שכירים וגם עצמאים,מעבודה שכירה ועצמאית,כן,"2023,2024","inc_gt4x,inc_le100,inc_le2x,inc_le3x,inc_le4x,inc_le75,inc_minwage,n_workers",14994,285,לא,שם קובץ ארוך מדי,unified_all.csv
"קבוצת ההכנסה של עובדים שהינם שכירים וגם עצמאים (הכנסה מעבודה שכירה ועצמאית, ממוצע לחודש בשנה), לפי מועצה איזורית ומין, 2024-2023",קבוצת ההכנסה,מועצה אזורית,עובדים שהינם שכירים וגם עצמאים,מעבודה שכירה ועצמאית,כן,"2023,2024","inc_gt4x,inc_le100,inc_le2x,inc_le3x,inc_le4x,inc_le75,inc_minwage,n_both,wage_year_mean",2988,56,כן,,xlsx
"קבוצת ההכנסה של עובדים שהינם שכירים וגם עצמאים (הכנסה מעבודה שכירה ועצמאית, ממוצע לחודש בשנה), לפי מחוז, נפה ומין, 2024-2023",קבוצת ההכנסה,נפה/מחוז,עובדים שהינם שכירים וגם עצמאים,מעבודה שכירה ועצמאית,כן,"2023,2024","inc_gt4x,inc_le100,inc_le2x,inc_le3x,inc_le4x,inc_le75,inc_minwage,n_both,wage_year_mean",1188,15,כן,,xlsx
"קבוצת ההכנסה של עובדים שהינם שכירים וגם עצמאים (הכנסה מעבודה שכירה ועצמאית, ממוצע לחודש עבודה), לפי יישוב ומין, 2024-2023 (יישובים עם לפחות 2,000 תושבים)",קבוצת ההכנסה,יישוב,עובדים שהינם שכירים וגם עצמאים,מעבודה שכירה ועצמאית,כן,"2023,2024","inc_gt4x,inc_le100,inc_le2x,inc_le3x,inc_le4x,inc_le75,inc_minwage,n_workers",14994,285,לא,שם קובץ ארוך מדי,unified_all.csv
"קבוצת ההכנסה של עובדים שהינם שכירים וגם עצמאים (הכנסה מעבודה שכירה ועצמאית, ממוצע לחודש עבודה), לפי מועצה איזורית ומין, 2024-2023",קבוצת ההכנסה,מועצה אזורית,עובדים שהינם שכירים וגם עצמאים,מעבודה שכירה ועצמאית,כן,"2023,2024","inc_gt4x,inc_le100,inc_le2x,inc_le3x,inc_le4x,inc_le75,inc_minwage,n_both,wage_work_mean",2988,56,כן,,xlsx
"קבוצת ההכנסה של עובדים שהינם שכירים וגם עצמאים (הכנסה מעבודה שכירה ועצמאית, ממוצע לחודש עבודה), לפי מחוז, נפה ומין, 2024-2023",קבוצת ההכנסה,נפה/מחוז,עובדים שהינם שכירים וגם עצמאים,מעבודה שכירה ועצמאית,כן,"2023,2024","inc_gt4x,inc_le100,inc_le2x,inc_le3x,inc_le4x,inc_le75,inc_minwage,n_both,wage_work_mean",1188,15,כן,,xlsx
"קבוצת ההכנסה של עצמאים (הכנסה מעבודה עצמאית בלבד, ממוצע לחודש בשנה), לפי יישוב ומין, 2024-2023 (יישובים עם לפחות 2,000 תושבים)",קבוצת ההכנסה,יישוב,עצמאים,מעבודה עצמאית בלבד,כן,"2023,2024","inc_gt4x,inc_le100,inc_le2x,inc_le3x,inc_le4x,inc_le75,inc_minwage,n_workers,wage_year_mean",15471,289,כן,,xlsx
"קבוצת ההכנסה של עצמאים (הכנסה מעבודה עצמאית בלבד, ממוצע לחודש בשנה), לפי מועצה איזורית ומין, 2024-2023",קבוצת ההכנסה,מועצה אזורית,עצמאים,מעבודה עצמאית בלבד,כן,"2023,2024","inc_gt4x,inc_le100,inc_le2x,inc_le3x,inc_le4x,inc_le75,inc_minwage,n_workers,wage_year_mean",3024,56,כן,,xlsx
"קבוצת ההכנסה של עצמאים (הכנסה מעבודה עצמאית בלבד, ממוצע לחודש בשנה), לפי מחוז, נפה ומין, 2024-2023",קבוצת ההכנסה,נפה/מחוז,עצמאים,מעבודה עצמאית בלבד,כן,"2023,2024","inc_gt4x,inc_le100,inc_le2x,inc_le3x,inc_le4x,inc_le75,inc_minwage,n_workers,wage_year_mean",1188,15,כן,,xlsx
"קבוצת ההכנסה של עצמאים (הכנסה מעבודה עצמאית בלבד, ממוצע לחודש עבודה), לפי יישוב ומין, 2024-2023 (יישובים עם לפחות 2,000 תושבים)",קבוצת ההכנסה,יישוב,עצמאים,מעבודה עצמאית בלבד,כן,"2023,2024","inc_gt4x,inc_le100,inc_le2x,inc_le3x,inc_le4x,inc_le75,inc_minwage,n_workers,wage_work_mean",15471,289,כן,,xlsx
"קבוצת ההכנסה של עצמאים (הכנסה מעבודה עצמאית בלבד, ממוצע לחודש עבודה), לפי מועצה איזורית ומין, 2024-2023",קבוצת ההכנסה,מועצה אזורית,עצמאים,מעבודה עצמאית בלבד,כן,"2023,2024","inc_gt4x,inc_le100,inc_le2x,inc_le3x,inc_le4x,inc_le75,inc_minwage,n_workers,wage_work_mean",3024,56,כן,,xlsx
"קבוצת ההכנסה של עצמאים (הכנסה מעבודה עצמאית בלבד, ממוצע לחודש עבודה), לפי מחוז, נפה ומין, 2024-2023",קבוצת ההכנסה,נפה/מחוז,עצמאים,מעבודה עצמאית בלבד,כן,"2023,2024","inc_gt4x,inc_le100,inc_le2x,inc_le3x,inc_le4x,inc_le75,inc_minwage,n_workers,wage_work_mean",1188,15,כן,,xlsx
"קבוצת ההכנסה של עצמאים (הכנסה מעבודה עצמאית ושכירה, ממוצע לחודש בשנה), לפי יישוב ומין, 2024-2023 (יישובים עם לפחות 2,000 תושבים)",קבוצת ההכנסה,יישוב,עצמאים,מעבודה עצמאית ושכירה,כן,"2023,2024","inc_gt4x,inc_le100,inc_le2x,inc_le3x,inc_le4x,inc_le75,inc_minwage,n_workers,wage_year_mean",15471,289,כן,,xlsx
"קבוצת ההכנסה של עצמאים (הכנסה מעבודה עצמאית ושכירה, ממוצע לחודש בשנה), לפי מועצה איזורית ומין, 2024-2023",קבוצת ההכנסה,מועצה אזורית,עצמאים,מעבודה עצמאית ושכירה,כן,"2023,2024","inc_gt4x,inc_le100,inc_le2x,inc_le3x,inc_le4x,inc_le75,inc_minwage,n_workers,wage_year_mean",3024,56,כן,,xlsx
"קבוצת ההכנסה של עצמאים (הכנסה מעבודה עצמאית ושכירה, ממוצע לחודש בשנה), לפי מחוז, נפה ומין, 2024-2023",קבוצת ההכנסה,נפה/מחוז,עצמאים,מעבודה עצמאית ושכירה,כן,"2023,2024","inc_gt4x,inc_le100,inc_le2x,inc_le3x,inc_le4x,inc_le75,inc_minwage,n_workers,wage_year_mean",1188,15,כן,,xlsx
"קבוצת ההכנסה של עצמאים (הכנסה מעבודה עצמאית ושכירה, ממוצע לחודש עבודה), לפי יישוב ומין, 2024-2023 (יישובים עם לפחות 2,000 תושבים)",קבוצת ההכנסה,יישוב,עצמאים,מעבודה עצמאית ושכירה,כן,"2023,2024","inc_gt4x,inc_le100,inc_le2x,inc_le3x,inc_le4x,inc_le75,inc_minwage,n_workers,wage_work_mean",15471,289,כן,,xlsx
"קבוצת ההכנסה של עצמאים (הכנסה מעבודה עצמאית ושכירה, ממוצע לחודש עבודה), לפי מועצה איזורית ומין, 2024-2023",קבוצת ההכנסה,מועצה אזורית,עצמאים,מעבודה עצמאית ושכירה,כן,"2023,2024","inc_gt4x,inc_le100,inc_le2x,inc_le3x,inc_le4x,inc_le75,inc_minwage,n_workers,wage_work_mean",3024,56,כן,,xlsx
"קבוצת ההכנסה של עצמאים (הכנסה מעבודה עצמאית ושכירה, ממוצע לחודש עבודה), לפי מחוז, נפה ומין, 2024-2023",קבוצת ההכנסה,נפה/מחוז,עצמאים,מעבודה עצמאית ושכירה,כן,"2023,2024","inc_gt4x,inc_le100,inc_le2x,inc_le3x,inc_le4x,inc_le75,inc_minwage,n_workers,wage_work_mean",1188,15,כן,,xlsx
"קבוצת ההכנסה של עצמאים שאינם גם שכירים (הכנסה מעבודה עצמאית, ממוצע לחודש בשנה), לפי יישוב ומין, 2024-2023 (יישובים עם לפחות 2,000 תושבים)",קבוצת ההכנסה,יישוב,עצמאים שאינם גם שכירים,מעבודה עצמאית,כן,"2023,2024","inc_gt4x,inc_le100,inc_le2x,inc_le3x,inc_le4x,inc_le75,inc_minwage,n_self_only,wage_year_mean",15426,289,כן,,xlsx
"קבוצת ההכנסה של עצמאים שאינם גם שכירים (הכנסה מעבודה עצמאית, ממוצע לחודש בשנה), לפי מועצה איזורית ומין, 2024-2023",קבוצת ההכנסה,מועצה אזורית,עצמאים שאינם גם שכירים,מעבודה עצמאית,כן,"2023,2024","inc_gt4x,inc_le100,inc_le2x,inc_le3x,inc_le4x,inc_le75,inc_minwage,n_self_only,wage_year_mean",3024,56,כן,,xlsx
"קבוצת ההכנסה של עצמאים שאינם גם שכירים (הכנסה מעבודה עצמאית, ממוצע לחודש בשנה), לפי מחוז, נפה ומין, 2024-2023",קבוצת ההכנסה,נפה/מחוז,עצמאים שאינם גם שכירים,מעבודה עצמאית,כן,"2023,2024","inc_gt4x,inc_le100,inc_le2x,inc_le3x,inc_le4x,inc_le75,inc_minwage,n_self_only,wage_year_mean",1188,15,כן,,xlsx
"קבוצת ההכנסה של עצמאים שאינם גם שכירים (הכנסה מעבודה עצמאית, ממוצע לחודש עבודה), לפי יישוב ומין, 2024-2023 (יישובים עם לפחות 2,000 תושבים)",קבוצת ההכנסה,יישוב,עצמאים שאינם גם שכירים,מעבודה עצמאית,כן,"2023,2024","inc_gt4x,inc_le100,inc_le2x,inc_le3x,inc_le4x,inc_le75,inc_minwage,n_self_only,wage_work_mean",15426,289,כן,,xlsx
"קבוצת ההכנסה של עצמאים שאינם גם שכירים (הכנסה מעבודה עצמאית, ממוצע לחודש עבודה), לפי מועצה איזורית ומין, 2024-2023",קבוצת ההכנסה,מועצה אזורית,עצמאים שאינם גם שכירים,מעבודה עצמאית,כן,"2023,2024","inc_gt4x,inc_le100,inc_le2x,inc_le3x,inc_le4x,inc_le75,inc_minwage,n_workers",2916,54,לא,דחיסה לא נתמכת/פגום,unified_all.csv
"קבוצת ההכנסה של עצמאים שאינם גם שכירים (הכנסה מעבודה עצמאית, ממוצע לחודש עבודה), לפי מחוז, נפה ומין, 2024-2023",קבוצת ההכנסה,נפה/מחוז,עצמאים שאינם גם שכירים,מעבודה עצמאית,כן,"2023,2024","inc_gt4x,inc_le100,inc_le2x,inc_le3x,inc_le4x,inc_le75,inc_minwage,n_self_only,wage_work_mean",1188,15,כן,,xlsx
"קבוצת ההכנסה של שכירים (הכנסה מעבודה שכירה בלבד, ממוצע לחודש בשנה), לפי יישוב ומין, 2024-2023 (יישובים עם לפחות 2,000 תושבים)",קבוצת ההכנסה,יישוב,שכירים,מעבודה שכירה בלבד,כן,"2023,2024","inc_gt4x,inc_le100,inc_le2x,inc_le3x,inc_le4x,inc_le75,inc_minwage,n_workers,wage_year_mean",15579,289,כן,,xlsx
"קבוצת ההכנסה של שכירים (הכנסה מעבודה שכירה בלבד, ממוצע לחודש בשנה), לפי מועצה איזורית ומין, 2024-2023",קבוצת ההכנסה,מועצה אזורית,שכירים,מעבודה שכירה בלבד,כן,"2023,2024","inc_gt4x,inc_le100,inc_le2x,inc_le3x,inc_le4x,inc_le75,inc_minwage,n_workers,wage_year_mean",3024,56,כן,,xlsx
"קבוצת ההכנסה של שכירים (הכנסה מעבודה שכירה בלבד, ממוצע לחודש בשנה), לפי מחוז, נפה ומין, 2024-2023",קבוצת ההכנסה,נפה/מחוז,שכירים,מעבודה שכירה בלבד,כן,"2023,2024","inc_gt4x,inc_le100,inc_le2x,inc_le3x,inc_le4x,inc_le75,inc_minwage,n_workers,wage_year_mean",1188,15,כן,,xlsx
"קבוצת ההכנסה של שכירים (הכנסה מעבודה שכירה בלבד, ממוצע לחודש עבודה), לפי יישוב ומין, 2024-2023 (יישובים עם לפחות 2,000 תושבים)",קבוצת ההכנסה,יישוב,שכירים,מעבודה שכירה בלבד,כן,"2023,2024","inc_gt4x,inc_le100,inc_le2x,inc_le3x,inc_le4x,inc_le75,inc_minwage,n_workers,wage_work_mean",15579,289,כן,,xlsx
"קבוצת ההכנסה של שכירים (הכנסה מעבודה שכירה בלבד, ממוצע לחודש עבודה), לפי מועצה איזורית ומין, 2024-2023",קבוצת ההכנסה,מועצה אזורית,שכירים,מעבודה שכירה בלבד,כן,"2023,2024","inc_gt4x,inc_le100,inc_le2x,inc_le3x,inc_le4x,inc_le75,inc_minwage,n_workers,wage_work_mean",3024,56,כן,,xlsx
"קבוצת ההכנסה של שכירים (הכנסה מעבודה שכירה בלבד, ממוצע לחודש עבודה), לפי מחוז, נפה ומין, 2024-2023",קבוצת ההכנסה,נפה/מחוז,שכירים,מעבודה שכירה בלבד,כן,"2023,2024","inc_gt4x,inc_le100,inc_le2x,inc_le3x,inc_le4x,inc_le75,inc_minwage,n_workers",1134,14,לא,דחיסה לא נתמכת/פגום,unified_all.csv
"קבוצת ההכנסה של שכירים (הכנסה מעבודה שכירה ועצמאית, ממוצע לחודש בשנה), לפי יישוב ומין, 2024-2023 (יישובים עם לפחות 2,000 תושבים)",קבוצת ההכנסה,יישוב,שכירים,מעבודה שכירה ועצמאית,כן,"2023,2024","inc_gt4x,inc_le100,inc_le2x,inc_le3x,inc_le4x,inc_le75,inc_minwage,n_workers",15471,287,לא,דחיסה לא נתמכת/פגום,unified_all.csv
"קבוצת ההכנסה של שכירים (הכנסה מעבודה שכירה ועצמאית, ממוצע לחודש בשנה), לפי מועצה איזורית ומין, 2024-2023",קבוצת ההכנסה,מועצה אזורית,שכירים,מעבודה שכירה ועצמאית,כן,"2023,2024","inc_gt4x,inc_le100,inc_le2x,inc_le3x,inc_le4x,inc_le75,inc_minwage,n_workers,wage_year_mean",3024,56,כן,,xlsx
"קבוצת ההכנסה של שכירים (הכנסה מעבודה שכירה ועצמאית, ממוצע לחודש בשנה), לפי מחוז, נפה ומין, 2024-2023",קבוצת ההכנסה,נפה/מחוז,שכירים,מעבודה שכירה ועצמאית,כן,"2023,2024","inc_gt4x,inc_le100,inc_le2x,inc_le3x,inc_le4x,inc_le75,inc_minwage,n_workers,wage_year_mean",1188,15,כן,,xlsx
"קבוצת ההכנסה של שכירים (הכנסה מעבודה שכירה ועצמאית, ממוצע לחודש עבודה), לפי יישוב ומין, 2024-2023 (יישובים עם לפחות 2,000 תושבים)",קבוצת ההכנסה,יישוב,שכירים,מעבודה שכירה ועצמאית,כן,"2023,2024","inc_gt4x,inc_le100,inc_le2x,inc_le3x,inc_le4x,inc_le75,inc_minwage,n_workers,wage_work_mean",15579,289,כן,,xlsx
"קבוצת ההכנסה של שכירים (הכנסה מעבודה שכירה ועצמאית, ממוצע לחודש עבודה), לפי מועצה איזורית ומין, 2024-2023",קבוצת ההכנסה,מועצה אזורית,שכירים,מעבודה שכירה ועצמאית,כן,"2023,2024","inc_gt4x,inc_le100,inc_le2x,inc_le3x,inc_le4x,inc_le75,inc_minwage,n_workers,wage_work_mean",3024,56,כן,,xlsx
"קבוצת ההכנסה של שכירים (הכנסה מעבודה שכירה ועצמאית, ממוצע לחודש עבודה), לפי מחוז, נפה ומין, 2024-2023",קבוצת ההכנסה,נפה/מחוז,שכירים,מעבודה שכירה ועצמאית,כן,"2023,2024","inc_gt4x,inc_le100,inc_le2x,inc_le3x,inc_le4x,inc_le75,inc_minwage,n_workers,wage_work_mean",1188,15,כן,,xlsx
"קבוצת ההכנסה של שכירים שאינם גם עצמאים (הכנסה מעבודה שכירה, ממוצע לחודש בשנה), לפי יישוב ומין, 2024-2023 (יישובים עם לפחות 2,000 תושבים)",קבוצת ההכנסה,יישוב,שכירים שאינם גם עצמאים,מעבודה שכירה,כן,"2023,2024","inc_gt4x,inc_le100,inc_le2x,inc_le3x,inc_le4x,inc_le75,inc_minwage,n_emp_only,wage_year_mean",15579,289,כן,,xlsx
"קבוצת ההכנסה של שכירים שאינם גם עצמאים (הכנסה מעבודה שכירה, ממוצע לחודש בשנה), לפי מועצה איזורית ומין, 2024-2023",קבוצת ההכנסה,מועצה אזורית,שכירים שאינם גם עצמאים,מעבודה שכירה,כן,"2023,2024","inc_gt4x,inc_le100,inc_le2x,inc_le3x,inc_le4x,inc_le75,inc_minwage,n_emp_only,wage_year_mean",3024,56,כן,,xlsx
"קבוצת ההכנסה של שכירים שאינם גם עצמאים (הכנסה מעבודה שכירה, ממוצע לחודש בשנה), לפי מחוז, נפה ומין, 2024-2023",קבוצת ההכנסה,נפה/מחוז,שכירים שאינם גם עצמאים,מעבודה שכירה,כן,"2023,2024","inc_gt4x,inc_le100,inc_le2x,inc_le3x,inc_le4x,inc_le75,inc_minwage,n_emp_only,wage_year_mean",1188,15,כן,,xlsx
"קבוצת ההכנסה של שכירים שאינם גם עצמאים (הכנסה מעבודה שכירה, ממוצע לחודש עבודה), לפי יישוב ומין, 2024-2023 (יישובים עם לפחות 2,000 תושבים)",קבוצת ההכנסה,יישוב,שכירים שאינם גם עצמאים,מעבודה שכירה,כן,"2023,2024","inc_gt4x,inc_le100,inc_le2x,inc_le3x,inc_le4x,inc_le75,inc_minwage,n_emp_only,wage_work_mean",15579,289,כן,,xlsx
"קבוצת ההכנסה של שכירים שאינם גם עצמאים (הכנסה מעבודה שכירה, ממוצע לחודש עבודה), לפי מועצה איזורית ומין, 2024-2023",קבוצת ההכנסה,מועצה אזורית,שכירים שאינם גם עצמאים,מעבודה שכירה,כן,"2023,2024","inc_gt4x,inc_le100,inc_le2x,inc_le3x,inc_le4x,inc_le75,inc_minwage,n_workers",2916,54,לא,דחיסה לא נתמכת/פגום,unified_all.csv
"קבוצת ההכנסה של שכירים שאינם גם עצמאים (הכנסה מעבודה שכירה, ממוצע לחודש עבודה), לפי מחוז, נפה ומין, 2024-2023",קבוצת ההכנסה,נפה/מחוז,שכירים שאינם גם עצמאים,מעבודה שכירה,כן,"2023,2024","inc_gt4x,inc_le100,inc_le2x,inc_le3x,inc_le4x,inc_le75,inc_minwage,n_emp_only,wage_work_mean",1188,15,כן,,xlsx
"שכר ממוצע וחציוני, חודשי ושנתי של כלל העובדים, לפי יישוב ומין, 2024-2023 (יישובים עם לפחות 2,000 תושבים)",שכר ממוצע וחציוני,יישוב,כלל העובדים,כל מקורות ההכנסה,כן,"2023,2024","n_workers,wage_work_mean,wage_work_med,wage_year_mean,wage_year_med",8655,289,כן,,xlsx
"שכר ממוצע וחציוני, חודשי ושנתי של כלל העובדים, לפי יישוב, 2016 (יישובים עם לפחות 2,000 תושבים)",שכר ממוצע וחציוני,יישוב,כלל העובדים,כל מקורות ההכנסה,לא,2016,"n_workers,wage_work_mean,wage_work_med,wage_year_mean,wage_year_med",1355,271,כן,,xlsx
"שכר ממוצע וחציוני, חודשי ושנתי של כלל העובדים, לפי יישוב, 2017 (יישובים עם לפחות 2,000 תושבים)",שכר ממוצע וחציוני,יישוב,כלל העובדים,כל מקורות ההכנסה,לא,,,0,0,לא,דחיסה לא נתמכת/פגום,חסר
"שכר ממוצע וחציוני, חודשי ושנתי של כלל העובדים, לפי יישוב, 2018 (יישובים עם לפחות 2,000 תושבים)",שכר ממוצע וחציוני,יישוב,כלל העובדים,כל מקורות ההכנסה,לא,2018,"n_workers,wage_work_mean,wage_work_med,wage_year_mean,wage_year_med",1355,271,כן,,xlsx
"שכר ממוצע וחציוני, חודשי ושנתי של כלל העובדים, לפי יישוב, 2019 (יישובים עם לפחות 2,000 תושבים)",שכר ממוצע וחציוני,יישוב,כלל העובדים,כל מקורות ההכנסה,לא,,,0,0,לא,דחיסה לא נתמכת/פגום,חסר
"שכר ממוצע וחציוני, חודשי ושנתי של כלל העובדים, לפי יישוב, 2020 (יישובים עם לפחות 2,000 תושבים)",שכר ממוצע וחציוני,יישוב,כלל העובדים,כל מקורות ההכנסה,לא,2020,"n_workers,wage_work_mean,wage_work_med,wage_year_mean,wage_year_med",1355,271,כן,,xlsx
"שכר ממוצע וחציוני, חודשי ושנתי של כלל העובדים, לפי יישוב, 2021 (יישובים עם לפחות 2,000 תושבים)",שכר ממוצע וחציוני,יישוב,כלל העובדים,כל מקורות ההכנסה,לא,2021,"n_workers,wage_work_mean,wage_work_med,wage_year_mean,wage_year_med",1355,271,כן,,xlsx
"שכר ממוצע וחציוני, חודשי ושנתי של כלל העובדים, לפי יישוב, 2022 (יישובים עם לפחות 2,000 תושבים)",שכר ממוצע וחציוני,יישוב,כלל העובדים,כל מקורות ההכנסה,לא,2022,"n_workers,wage_work_mean,wage_work_med,wage_year_mean,wage_year_med",1355,271,כן,,xlsx
"שכר ממוצע וחציוני, חודשי ושנתי של כלל העובדים, לפי מגדר ולפי יישוב, 2016 (יישובים עם לפחות 2,000 תושבים)",שכר ממוצע וחציוני,יישוב,כלל העובדים,כל מקורות ההכנסה,כן,2016,"n_workers,wage_work_mean,wage_work_med,wage_year_mean,wage_year_med",2710,271,כן,,xlsx
"שכר ממוצע וחציוני, חודשי ושנתי של כלל העובדים, לפי מגדר ולפי יישוב, 2017 (יישובים עם לפחות 2,000 תושבים)",שכר ממוצע וחציוני,יישוב,כלל העובדים,כל מקורות ההכנסה,כן,2017,"n_workers,wage_work_mean,wage_work_med,wage_year_mean,wage_year_med",2710,271,כן,,xlsx
"שכר ממוצע וחציוני, חודשי ושנתי של כלל העובדים, לפי מגדר ולפי יישוב, 2018 (יישובים עם לפחות 2,000 תושבים)",שכר ממוצע וחציוני,יישוב,כלל העובדים,כל מקורות ההכנסה,כן,2018,"n_workers,wage_work_mean,wage_work_med,wage_year_mean,wage_year_med",2710,271,כן,,xlsx
"שכר ממוצע וחציוני, חודשי ושנתי של כלל העובדים, לפי מגדר ולפי יישוב, 2019 (יישובים עם לפחות 2,000 תושבים)",שכר ממוצע וחציוני,יישוב,כלל העובדים,כל מקורות ההכנסה,כן,2019,"n_workers,wage_work_mean,wage_work_med,wage_year_mean,wage_year_med",2710,271,כן,,xlsx
"שכר ממוצע וחציוני, חודשי ושנתי של כלל העובדים, לפי מגדר ולפי יישוב, 2020 (יישובים עם לפחות 2,000 תושבים)",שכר ממוצע וחציוני,יישוב,כלל העובדים,כל מקורות ההכנסה,כן,2020,"n_workers,wage_work_mean,wage_work_med,wage_year_mean,wage_year_med",2710,271,כן,,xlsx
"שכר ממוצע וחציוני, חודשי ושנתי של כלל העובדים, לפי מגדר ולפי יישוב, 2021 (יישובים עם לפחות 2,000 תושבים)",שכר ממוצע וחציוני,יישוב,כלל העובדים,כל מקורות ההכנסה,כן,2021,"n_workers,wage_work_mean,wage_work_med,wage_year_mean,wage_year_med",2710,271,כן,,xlsx
"שכר ממוצע וחציוני, חודשי ושנתי של כלל העובדים, לפי מגדר ולפי יישוב, 2022 (יישובים עם לפחות 2,000 תושבים)",שכר ממוצע וחציוני,יישוב,כלל העובדים,כל מקורות ההכנסה,כן,2022,"n_workers,wage_work_mean,wage_work_med,wage_year_mean,wage_year_med",2710,271,כן,,xlsx
"שכר ממוצע וחציוני, חודשי ושנתי של כלל העובדים, לפי מועצה איזורית ומין, 2024-2023",שכר ממוצע וחציוני,מועצה אזורית,כלל העובדים,כל מקורות ההכנסה,כן,"2023,2024","n_workers,wage_work_mean,wage_work_med,wage_year_mean,wage_year_med",1680,56,כן,,xlsx
"שכר ממוצע וחציוני, חודשי ושנתי של כלל העובדים, לפי מחוז, נפה ומין, 2024-2023",שכר ממוצע וחציוני,נפה/מחוז,כלל העובדים,כל מקורות ההכנסה,כן,"2023,2024","n_workers,wage_work_mean,wage_work_med,wage_year_mean,wage_year_med",660,15,כן,,xlsx
"שכר ממוצע וחציוני, חודשי ושנתי של עובדים שהינם שכירים וגם עצמאים (הכנסה מעבודה שכירה ועצמאית), לפי יישוב ומין, 2024-2023 (יישובים עם לפחות 2,000 תושבים)",שכר ממוצע וחציוני,יישוב,עובדים שהינם שכירים וגם עצמאים,מעבודה שכירה ועצמאית,כן,"2023,2024",n_workers,1666,285,לא,שם קובץ ארוך מדי,unified_all.csv
"שכר ממוצע וחציוני, חודשי ושנתי של עובדים שהינם שכירים וגם עצמאים (הכנסה מעבודה שכירה ועצמאית), לפי מועצה איזורית ומין, 2024-2023",שכר ממוצע וחציוני,מועצה אזורית,עובדים שהינם שכירים וגם עצמאים,מעבודה שכירה ועצמאית,כן,"2023,2024","n_both,wage_work_mean,wage_work_med,wage_year_mean,wage_year_med",1660,56,כן,,xlsx
"שכר ממוצע וחציוני, חודשי ושנתי של עובדים שהינם שכירים וגם עצמאים (הכנסה מעבודה שכירה ועצמאית), לפי מחוז, נפה ומין, 2024-2023",שכר ממוצע וחציוני,נפה/מחוז,עובדים שהינם שכירים וגם עצמאים,מעבודה שכירה ועצמאית,כן,"2023,2024","n_both,wage_work_mean,wage_work_med,wage_year_mean,wage_year_med",660,15,כן,,xlsx
"שכר ממוצע וחציוני, חודשי ושנתי של עצמאים (הכנסה מעבודה עצמאית בלבד), לפי יישוב ומין, 2024-2023 (יישובים עם לפחות 2,000 תושבים)",שכר ממוצע וחציוני,יישוב,עצמאים,מעבודה עצמאית בלבד,כן,"2023,2024","n_workers,wage_work_mean,wage_work_med,wage_year_mean,wage_year_med",8595,289,כן,,xlsx
"שכר ממוצע וחציוני, חודשי ושנתי של עצמאים (הכנסה מעבודה עצמאית בלבד), לפי מועצה איזורית ומין, 2024-2023",שכר ממוצע וחציוני,מועצה אזורית,עצמאים,מעבודה עצמאית בלבד,כן,"2023,2024","n_workers,wage_work_mean,wage_work_med,wage_year_mean,wage_year_med",1680,56,כן,,xlsx
"שכר ממוצע וחציוני, חודשי ושנתי של עצמאים (הכנסה מעבודה עצמאית בלבד), לפי מחוז, נפה ומין, 2024-2023",שכר ממוצע וחציוני,נפה/מחוז,עצמאים,מעבודה עצמאית בלבד,כן,"2023,2024","n_workers,wage_work_mean,wage_work_med,wage_year_mean,wage_year_med",660,15,כן,,xlsx
"שכר ממוצע וחציוני, חודשי ושנתי של עצמאים (הכנסה מעבודה עצמאית ושכירה), לפי יישוב ומין, 2024-2023 (יישובים עם לפחות 2,000 תושבים)",שכר ממוצע וחציוני,יישוב,עצמאים,מעבודה עצמאית ושכירה,כן,"2023,2024","n_workers,wage_work_mean,wage_work_med,wage_year_mean,wage_year_med",8595,289,כן,,xlsx
"שכר ממוצע וחציוני, חודשי ושנתי של עצמאים (הכנסה מעבודה עצמאית ושכירה), לפי מועצה איזורית ומין, 2024-2023",שכר ממוצע וחציוני,מועצה אזורית,עצמאים,מעבודה עצמאית ושכירה,כן,"2023,2024","n_workers,wage_work_mean,wage_work_med,wage_year_mean,wage_year_med",1680,56,כן,,xlsx
"שכר ממוצע וחציוני, חודשי ושנתי של עצמאים (הכנסה מעבודה עצמאית ושכירה), לפי מחוז, נפה ומין, 2024-2023",שכר ממוצע וחציוני,נפה/מחוז,עצמאים,מעבודה עצמאית ושכירה,כן,"2023,2024","n_workers,wage_work_mean,wage_work_med,wage_year_mean,wage_year_med",660,15,כן,,xlsx
"שכר ממוצע וחציוני, חודשי ושנתי של עצמאים שאינם גם שכירים (הכנסה מעבודה עצמאית), לפי יישוב ומין, 2024-2023 (יישובים עם לפחות 2,000 תושבים)",שכר ממוצע וחציוני,יישוב,עצמאים שאינם גם שכירים,מעבודה עצמאית,כן,"2023,2024","n_self_only,wage_work_mean,wage_work_med,wage_year_mean,wage_year_med",8570,289,כן,,xlsx
"שכר ממוצע וחציוני, חודשי ושנתי של עצמאים שאינם גם שכירים (הכנסה מעבודה עצמאית), לפי מועצה איזורית ומין, 2024-2023",שכר ממוצע וחציוני,מועצה אזורית,עצמאים שאינם גם שכירים,מעבודה עצמאית,כן,"2023,2024","n_self_only,wage_work_mean,wage_work_med,wage_year_mean,wage_year_med",1680,56,כן,,xlsx
"שכר ממוצע וחציוני, חודשי ושנתי של עצמאים שאינם גם שכירים (הכנסה מעבודה עצמאית), לפי מחוז, נפה ומין, 2024-2023",שכר ממוצע וחציוני,נפה/מחוז,עצמאים שאינם גם שכירים,מעבודה עצמאית,כן,"2023,2024",n_workers,126,14,לא,דחיסה לא נתמכת/פגום,unified_all.csv
"שכר ממוצע וחציוני, חודשי ושנתי של שכירים (הכנסה מעבודה שכירה בלבד), לפי יישוב ומין, 2024-2023 (יישובים עם לפחות 2,000 תושבים)",שכר ממוצע וחציוני,יישוב,שכירים,מעבודה שכירה בלבד,כן,"2023,2024","n_workers,wage_work_mean,wage_work_med,wage_year_mean,wage_year_med",8655,289,כן,,xlsx
"שכר ממוצע וחציוני, חודשי ושנתי של שכירים (הכנסה מעבודה שכירה בלבד), לפי מועצה איזורית ומין, 2024-2023",שכר ממוצע וחציוני,מועצה אזורית,שכירים,מעבודה שכירה בלבד,כן,"2023,2024","n_workers,wage_work_mean,wage_work_med,wage_year_mean,wage_year_med",1680,56,כן,,xlsx
"שכר ממוצע וחציוני, חודשי ושנתי של שכירים (הכנסה מעבודה שכירה בלבד), לפי מחוז, נפה ומין, 2024-2023",שכר ממוצע וחציוני,נפה/מחוז,שכירים,מעבודה שכירה בלבד,כן,"2023,2024","n_workers,wage_work_mean,wage_work_med,wage_year_mean,wage_year_med",660,15,כן,,xlsx
"שכר ממוצע וחציוני, חודשי ושנתי של שכירים (הכנסה מעבודה שכירה ועצמאית), לפי יישוב ומין, 2024-2023 (יישובים עם לפחות 2,000 תושבים)",שכר ממוצע וחציוני,יישוב,שכירים,מעבודה שכירה ועצמאית,כן,"2023,2024","n_workers,wage_work_mean,wage_work_med,wage_year_mean,wage_year_med",8655,289,כן,,xlsx
"שכר ממוצע וחציוני, חודשי ושנתי של שכירים (הכנסה מעבודה שכירה ועצמאית), לפי מועצה איזורית ומין, 2024-2023",שכר ממוצע וחציוני,מועצה אזורית,שכירים,מעבודה שכירה ועצמאית,כן,"2023,2024","n_workers,wage_work_mean,wage_work_med,wage_year_mean,wage_year_med",1680,56,כן,,xlsx
"שכר ממוצע וחציוני, חודשי ושנתי של שכירים (הכנסה מעבודה שכירה ועצמאית), לפי מחוז, נפה ומין, 2024-2023",שכר ממוצע וחציוני,נפה/מחוז,שכירים,מעבודה שכירה ועצמאית,כן,"2023,2024","n_workers,wage_work_mean,wage_work_med,wage_year_mean,wage_year_med",660,15,כן,,xlsx
"שכר ממוצע וחציוני, חודשי ושנתי של שכירים שאינם גם עצמאים (הכנסה מעבודה שכירה), לפי יישוב ומין, 2024-2023 (יישובים עם לפחות 2,000 תושבים)",שכר ממוצע וחציוני,יישוב,שכירים שאינם גם עצמאים,מעבודה שכירה,כן,"2023,2024","n_emp_only,wage_work_mean,wage_work_med,wage_year_mean,wage_year_med",8655,289,כן,,xlsx
"שכר ממוצע וחציוני, חודשי ושנתי של שכירים שאינם גם עצמאים (הכנסה מעבודה שכירה), לפי מועצה איזורית ומין, 2024-2023",שכר ממוצע וחציוני,מועצה אזורית,שכירים שאינם גם עצמאים,מעבודה שכירה,כן,"2023,2024","n_emp_only,wage_work_mean,wage_work_med,wage_year_mean,wage_year_med",1680,56,כן,,xlsx
"שכר ממוצע וחציוני, חודשי ושנתי של שכירים שאינם גם עצמאים (הכנסה מעבודה שכירה), לפי מחוז, נפה ומין, 2024-2023",שכר ממוצע וחציוני,נפה/מחוז,שכירים שאינם גם עצמאים,מעבודה שכירה,כן,"2023,2024","n_emp_only,wage_work_mean,wage_work_med,wage_year_mean,wage_year_med",660,15,כן,,xlsx
"שכר ממוצע לחודש בשנה של השכירים (הכנסה מעבודה שכירה ועצמאית), לפי מועצה אזורית, 2022-2016",שכר ממוצע לחודש בשנה,מועצה אזורית,השכירים,מעבודה שכירה ועצמאית,לא,"2016,2017,2018,2019,2020,2021,2022","n_emp,wage_year_mean",770,55,כן,,xlsx
"שכר ממוצע לחודש בשנה של השכירים (הכנסה מעבודה שכירה ועצמאית), לפי מחוז ונפה, 2022-2016",שכר ממוצע לחודש בשנה,נפה/מחוז,השכירים,מעבודה שכירה ועצמאית,לא,"2016,2017,2018,2019,2020,2021,2022","n_emp,wage_year_mean",294,15,כן,,xlsx
"שכר ממוצע לחודש בשנה של השכירים (הכנסה מעבודה שכירה), לפי מועצה אזורית, 2022-2016",שכר ממוצע לחודש בשנה,מועצה אזורית,השכירים,מעבודה שכירה,לא,"2016,2017,2018,2019,2020,2021,2022","n_emp,wage_year_mean",756,54,לא,דחיסה לא נתמכת/פגום,unified_all.csv
"שכר ממוצע לחודש בשנה של השכירים (הכנסה מעבודה שכירה), לפי מחוז ונפה, 2022-2016",שכר ממוצע לחודש בשנה,נפה/מחוז,השכירים,מעבודה שכירה,לא,"2016,2017,2018,2019,2020,2021,2022","n_emp,wage_year_mean",294,15,כן,,xlsx
"שכר ממוצע לחודש בשנה של כלל העובדים, לפי יישוב, 2022-2016 (יישובים עם לפחות 2,000 תושבים)",שכר ממוצע לחודש בשנה,יישוב,כלל העובדים,כל מקורות ההכנסה,לא,"2016,2017,2018,2019,2020,2021,2022","n_workers,wage_year_mean",3794,271,כן,,xlsx
"שכר ממוצע לחודש בשנה של כלל העובדים, לפי מועצה אזורית, 2022-2016",שכר ממוצע לחודש בשנה,מועצה אזורית,כלל העובדים,כל מקורות ההכנסה,לא,"2016,2017,2018,2019,2020,2021,2022","n_workers,wage_year_mean",756,54,לא,דחיסה לא נתמכת/פגום,unified_all.csv
"שכר ממוצע לחודש בשנה של כלל העובדים, לפי מחוז ונפה, 2022-2016",שכר ממוצע לחודש בשנה,נפה/מחוז,כלל העובדים,כל מקורות ההכנסה,לא,"2016,2017,2018,2019,2020,2021,2022","n_workers,wage_year_mean",280,14,לא,דחיסה לא נתמכת/פגום,unified_all.csv
"שכר ממוצע לחודש בשנה של עצמאים (הכנסה מעבודה עצמאית), לפי יישוב, 2022-2016 (יישובים עם לפחות 2,000 תושבים)",שכר ממוצע לחודש בשנה,יישוב,עצמאים,מעבודה עצמאית,לא,"2016,2017,2018,2019,2020,2021,2022","n_self,wage_year_mean",3792,271,כן,,xlsx
"שכר ממוצע לחודש בשנה של עצמאים (הכנסה מעבודה עצמאית), לפי מועצה אזורית, 2022-2016",שכר ממוצע לחודש בשנה,מועצה אזורית,עצמאים,מעבודה עצמאית,לא,"2016,2017,2018,2019,2020,2021,2022","n_self,wage_year_mean",770,55,כן,,xlsx
"שכר ממוצע לחודש בשנה של עצמאים (הכנסה מעבודה עצמאית), לפי מחוז ונפה, 2022-2016",שכר ממוצע לחודש בשנה,נפה/מחוז,עצמאים,מעבודה עצמאית,לא,"2016,2017,2018,2019,2020,2021,2022","n_self,wage_year_mean",294,15,כן,,xlsx
"שכר ממוצע לחודש בשנה של עצמאים (הכנסה מעבודה שכירה ועצמאית), לפי יישוב, 2022-2016 (יישובים עם לפחות 2,000 תושבים)",שכר ממוצע לחודש בשנה,יישוב,עצמאים,מעבודה שכירה ועצמאית,לא,"2016,2017,2018,2019,2020,2021,2022","n_self,wage_year_mean",3792,271,כן,,xlsx
"שכר ממוצע לחודש בשנה של עצמאים (הכנסה מעבודה שכירה ועצמאית), לפי מועצה אזורית, 2022-2016",שכר ממוצע לחודש בשנה,מועצה אזורית,עצמאים,מעבודה שכירה ועצמאית,לא,"2016,2017,2018,2019,2020,2021,2022","n_self,wage_year_mean",756,54,לא,דחיסה לא נתמכת/פגום,unified_all.csv
"שכר ממוצע לחודש בשנה של עצמאים (הכנסה מעבודה שכירה ועצמאית), לפי מחוז ונפה, 2022-2016",שכר ממוצע לחודש בשנה,נפה/מחוז,עצמאים,מעבודה שכירה ועצמאית,לא,"2016,2017,2018,2019,2020,2021,2022","n_self,wage_year_mean",294,15,כן,,xlsx
"שכר ממוצע לחודש בשנה של עצמאים שאינם שכירים (הכנסה מעבודה עצמאית), לפי יישוב, 2022-2016 (יישובים עם לפחות 2,000 תושבים)",שכר ממוצע לחודש בשנה,יישוב,עצמאים שאינם שכירים,מעבודה עצמאית,לא,"2016,2017,2018,2019,2020,2021,2022","n_self_only,wage_year_mean",3788,271,כן,,xlsx
"שכר ממוצע לחודש בשנה של עצמאים שאינם שכירים (הכנסה מעבודה עצמאית), לפי מועצה אזורית, 2022-2016",שכר ממוצע לחודש בשנה,מועצה אזורית,עצמאים שאינם שכירים,מעבודה עצמאית,לא,"2016,2017,2018,2019,2020,2021,2022","n_self_only,wage_year_mean",770,55,כן,,xlsx
"שכר ממוצע לחודש בשנה של עצמאים שאינם שכירים (הכנסה מעבודה עצמאית), לפי מחוז ונפה, 2022-2016",שכר ממוצע לחודש בשנה,נפה/מחוז,עצמאים שאינם שכירים,מעבודה עצמאית,לא,"2016,2017,2018,2019,2020,2021,2022","n_self_only,wage_year_mean",294,15,כן,,xlsx
"שכר ממוצע לחודש בשנה של שכירים (הכנסה מעבודה שכירה ועצמאית), לפי יישוב, 2022-2016 (יישובים עם לפחות 2,000 תושבים)",שכר ממוצע לחודש בשנה,יישוב,שכירים,מעבודה שכירה ועצמאית,לא,"2016,2017,2018,2019,2020,2021,2022","n_emp,wage_year_mean",3794,271,כן,,xlsx
"שכר ממוצע לחודש בשנה של שכירים (הכנסה מעבודה שכירה), 2022-2016 (יישובים עם לפחות 2,000 תושבים)",שכר ממוצע לחודש בשנה,יישוב,שכירים,מעבודה שכירה,לא,"2016,2017,2018,2019,2020,2021,2022","n_emp,wage_year_mean",3794,271,כן,,xlsx
"שכר ממוצע לחודש בשנה של שכירים שאינם עצמאים (הכנסה מעבודה שכירה), לפי יישוב, 2022-2016 (יישובים עם לפחות 2,000 תושבים)",שכר ממוצע לחודש בשנה,יישוב,שכירים שאינם עצמאים,מעבודה שכירה,לא,"2016,2017,2018,2019,2020,2021,2022","n_emp_only,wage_year_mean",3794,271,כן,,xlsx
"שכר ממוצע לחודש בשנה של שכירים שאינם עצמאים (הכנסה מעבודה שכירה), לפי מועצה אזורית, 2022-2016",שכר ממוצע לחודש בשנה,מועצה אזורית,שכירים שאינם עצמאים,מעבודה שכירה,לא,"2016,2017,2018,2019,2020,2021,2022","n_emp_only,wage_year_mean",770,55,כן,,xlsx
"שכר ממוצע לחודש בשנה של שכירים שאינם עצמאים (הכנסה מעבודה שכירה), לפי מחוז ונפה, 2022-2016",שכר ממוצע לחודש בשנה,נפה/מחוז,שכירים שאינם עצמאים,מעבודה שכירה,לא,"2016,2017,2018,2019,2020,2021,2022","n_emp_only,wage_year_mean",294,15,כן,,xlsx
"שכר ממוצע לחודש בשנה של שכירים שהינם גם עצמאים (הכנסה מעבודה שכירה ועצמאית), לפי יישוב, 2022-2016 (יישובים עם לפחות 2,000 תושבים)",שכר ממוצע לחודש בשנה,יישוב,שכירים שהינם גם עצמאים,מעבודה שכירה ועצמאית,לא,"2016,2017,2018,2019,2020,2021,2022","n_both,wage_year_mean",3770,271,כן,,xlsx
"שכר ממוצע לחודש בשנה של שכירים שהינם גם עצמאים (הכנסה מעבודה שכירה ועצמאית), לפי מועצה אזורית, 2022-2016",שכר ממוצע לחודש בשנה,מועצה אזורית,שכירים שהינם גם עצמאים,מעבודה שכירה ועצמאית,לא,"2016,2017,2018,2019,2020,2021,2022","n_both,wage_year_mean",770,55,כן,,xlsx
"שכר ממוצע לחודש בשנה של שכירים שהינם גם עצמאים (הכנסה מעבודה שכירה ועצמאית), לפי מחוז ונפה, 2022-2016",שכר ממוצע לחודש בשנה,נפה/מחוז,שכירים שהינם גם עצמאים,מעבודה שכירה ועצמאית,לא,"2016,2017,2018,2019,2020,2021,2022","n_both,wage_year_mean",294,15,כן,,xlsx
"שכר ממוצע לחודש עבודה של השכירים (הכנסה מעבודה שכירה ועצמאית), לפי מועצה אזורית, 2022-2016",שכר ממוצע לחודש עבודה,מועצה אזורית,השכירים,מעבודה שכירה ועצמאית,לא,"2016,2017,2018,2019,2020,2021,2022","n_emp,wage_work_mean",770,55,כן,,xlsx
"שכר ממוצע לחודש עבודה של השכירים (הכנסה מעבודה שכירה ועצמאית), לפי מחוז ונפה, 2022-2016",שכר ממוצע לחודש עבודה,נפה/מחוז,השכירים,מעבודה שכירה ועצמאית,לא,"2016,2017,2018,2019,2020,2021,2022","n_emp,wage_work_mean",280,14,לא,דחיסה לא נתמכת/פגום,unified_all.csv
"שכר ממוצע לחודש עבודה של השכירים (הכנסה מעבודה שכירה), לפי מועצה אזורית, 2022-2016",שכר ממוצע לחודש עבודה,מועצה אזורית,השכירים,מעבודה שכירה,לא,"2016,2017,2018,2019,2020,2021,2022","n_emp,wage_work_mean",770,55,כן,,xlsx
"שכר ממוצע לחודש עבודה של השכירים (הכנסה מעבודה שכירה), לפי מחוז ונפה, 2022-2016",שכר ממוצע לחודש עבודה,נפה/מחוז,השכירים,מעבודה שכירה,לא,"2016,2017,2018,2019,2020,2021,2022","n_emp,wage_work_mean",294,15,כן,,xlsx
"שכר ממוצע לחודש עבודה של כלל העובדים, לפי יישוב, 2022-2016 (יישובים עם לפחות 2,000 תושבים)",שכר ממוצע לחודש עבודה,יישוב,כלל העובדים,כל מקורות ההכנסה,לא,"2016,2017,2018,2019,2020,2021,2022","n_workers,wage_work_mean",3794,271,כן,,xlsx
"שכר ממוצע לחודש עבודה של כלל העובדים, לפי מועצה אזורית, 2022-2016",שכר ממוצע לחודש עבודה,מועצה אזורית,כלל העובדים,כל מקורות ההכנסה,לא,"2016,2017,2018,2019,2020,2021,2022","n_workers,wage_work_mean",770,55,כן,,xlsx
"שכר ממוצע לחודש עבודה של כלל העובדים, לפי מחוז ונפה, 2022-2016",שכר ממוצע לחודש עבודה,נפה/מחוז,כלל העובדים,כל מקורות ההכנסה,לא,"2016,2017,2018,2019,2020,2021,2022","n_workers,wage_work_mean",294,15,כן,,xlsx
"שכר ממוצע לחודש עבודה של עצמאים (הכנסה מעבודה עצמאית), לפי יישוב, 2022-2016 (יישובים עם לפחות 2,000 תושבים)",שכר ממוצע לחודש עבודה,יישוב,עצמאים,מעבודה עצמאית,לא,"2016,2017,2018,2019,2020,2021,2022","n_self,wage_work_mean",3792,271,כן,,xlsx
"שכר ממוצע לחודש עבודה של עצמאים (הכנסה מעבודה עצמאית), לפי מועצה אזורית, 2022-2016",שכר ממוצע לחודש עבודה,מועצה אזורית,עצמאים,מעבודה עצמאית,לא,"2016,2017,2018,2019,2020,2021,2022","n_self,wage_work_mean",770,55,כן,,xlsx
"שכר ממוצע לחודש עבודה של עצמאים (הכנסה מעבודה עצמאית), לפי מחוז ונפה, 2022-2016",שכר ממוצע לחודש עבודה,נפה/מחוז,עצמאים,מעבודה עצמאית,לא,"2016,2017,2018,2019,2020,2021,2022","n_self,wage_work_mean",294,15,כן,,xlsx
"שכר ממוצע לחודש עבודה של עצמאים (הכנסה מעבודה שכירה ועצמאית), לפי יישוב, 2022-2016 (יישובים עם לפחות 2,000 תושבים)",שכר ממוצע לחודש עבודה,יישוב,עצמאים,מעבודה שכירה ועצמאית,לא,"2016,2017,2018,2019,2020,2021,2022","n_self,wage_work_mean",3778,270,לא,דחיסה לא נתמכת/פגום,unified_all.csv
"שכר ממוצע לחודש עבודה של עצמאים (הכנסה מעבודה שכירה ועצמאית), לפי מועצה אזורית, 2022-2016",שכר ממוצע לחודש עבודה,מועצה אזורית,עצמאים,מעבודה שכירה ועצמאית,לא,"2016,2017,2018,2019,2020,2021,2022","n_self,wage_work_mean",770,55,כן,,xlsx
"שכר ממוצע לחודש עבודה של עצמאים (הכנסה מעבודה שכירה ועצמאית), לפי מחוז ונפה, 2022-2016",שכר ממוצע לחודש עבודה,נפה/מחוז,עצמאים,מעבודה שכירה ועצמאית,לא,"2016,2017,2018,2019,2020,2021,2022","n_self,wage_work_mean",294,15,כן,,xlsx
"שכר ממוצע לחודש עבודה של עצמאים שאינם שכירים (הכנסה מעבודה עצמאית), לפי יישוב, 2022-2016 (יישובים עם לפחות 2,000 תושבים)",שכר ממוצע לחודש עבודה,יישוב,עצמאים שאינם שכירים,מעבודה עצמאית,לא,"2016,2017,2018,2019,2020,2021,2022","n_self_only,wage_work_mean",3788,271,כן,,xlsx
"שכר ממוצע לחודש עבודה של עצמאים שאינם שכירים (הכנסה מעבודה עצמאית), לפי מועצה אזורית, 2022-2016",שכר ממוצע לחודש עבודה,מועצה אזורית,עצמאים שאינם שכירים,מעבודה עצמאית,לא,"2016,2017,2018,2019,2020,2021,2022","n_self_only,wage_work_mean",770,55,כן,,xlsx
"שכר ממוצע לחודש עבודה של עצמאים שאינם שכירים (הכנסה מעבודה עצמאית), לפי מחוז ונפה, 2022-2016",שכר ממוצע לחודש עבודה,נפה/מחוז,עצמאים שאינם שכירים,מעבודה עצמאית,לא,"2016,2017,2018,2019,2020,2021,2022","n_self_only,wage_work_mean",294,15,כן,,xlsx
"שכר ממוצע לחודש עבודה של שכירים (הכנסה מעבודה שכירה ועצמאית), לפי יישוב, 2022-2016 (יישובים עם לפחות 2,000 תושבים)",שכר ממוצע לחודש עבודה,יישוב,שכירים,מעבודה שכירה ועצמאית,לא,"2016,2017,2018,2019,2020,2021,2022","n_emp,wage_work_mean",3794,271,כן,,xlsx
"שכר ממוצע לחודש עבודה של שכירים (הכנסה מעבודה שכירה), לפי יישוב, 2022-2016 (יישובים עם לפחות 2,000 תושבים)",שכר ממוצע לחודש עבודה,יישוב,שכירים,מעבודה שכירה,לא,"2016,2017,2018,2019,2020,2021,2022","n_emp,wage_work_mean",3794,271,כן,,xlsx
"שכר ממוצע לחודש עבודה של שכירים שאינם עצמאים (הכנסה מעבודה שכירה), לפי יישוב, 2022-2016 (יישובים עם לפחות 2,000 תושבים)",שכר ממוצע לחודש עבודה,יישוב,שכירים שאינם עצמאים,מעבודה שכירה,לא,"2016,2017,2018,2019,2020,2021,2022","n_emp_only,wage_work_mean",3794,271,כן,,xlsx
"שכר ממוצע לחודש עבודה של שכירים שאינם עצמאים (הכנסה מעבודה שכירה), לפי מועצה אזורית, 2022-2016",שכר ממוצע לחודש עבודה,מועצה אזורית,שכירים שאינם עצמאים,מעבודה שכירה,לא,"2016,2017,2018,2019,2020,2021,2022","n_emp_only,wage_work_mean",770,55,כן,,xlsx
"שכר ממוצע לחודש עבודה של שכירים שאינם עצמאים (הכנסה מעבודה שכירה), לפי מחוז ונפה, 2022-2016",שכר ממוצע לחודש עבודה,נפה/מחוז,שכירים שאינם עצמאים,מעבודה שכירה,לא,"2016,2017,2018,2019,2020,2021,2022","n_emp_only,wage_work_mean",294,15,כן,,xlsx
"שכר ממוצע לחודש עבודה של שכירים שהינם גם עצמאים (הכנסה מעבודה שכירה ועצמאית), לפי יישוב, 2022-2016 (יישובים עם לפחות 2,000 תושבים)",שכר ממוצע לחודש עבודה,יישוב,שכירים שהינם גם עצמאים,מעבודה שכירה ועצמאית,לא,"2016,2017,2018,2019,2020,2021,2022","n_both,wage_work_mean",3770,271,כן,,xlsx
"שכר ממוצע לחודש עבודה של שכירים שהינם גם עצמאים (הכנסה מעבודה שכירה ועצמאית), לפי מועצה אזורית, 2022-2016",שכר ממוצע לחודש עבודה,מועצה אזורית,שכירים שהינם גם עצמאים,מעבודה שכירה ועצמאית,לא,"2016,2017,2018,2019,2020,2021,2022","n_both,wage_work_mean",756,54,לא,דחיסה לא נתמכת/פגום,unified_all.csv
"שכר ממוצע לחודש עבודה של שכירים שהינם גם עצמאים (הכנסה מעבודה שכירה ועצמאית), לפי מחוז ונפה, 2022-2016",שכר ממוצע לחודש עבודה,נפה/מחוז,שכירים שהינם גם עצמאים,מעבודה שכירה ועצמאית,לא,"2016,2017,2018,2019,2020,2021,2022","n_both,wage_work_mean",294,15,כן,,xlsx
